KJ642616	49	1	
KJ642617	18	1	
LC722946	3	1	
LC753968	4	1	
LC753969	0	1	
LC753970	0	1	
LC756922	3	1	
LC756923	0	1	
LC756924	1	1	
LC756925	1	1	
MG693723	22	1	14142:G;14150:T;14151:T;14159:T;14160:T;14161:A;14163:C;14166:C;14167:A;14168:T;14169:T;14170:A;166981:A;166985:T;166986:A;166987:T;166988:T;166989:G;166991:T;166994:G;166995:T;166999:C;167002:T;167006:C;167007:T;168751:A;179009:G;187168:G;187170:T;187171:T;187217:T;188025:T;188026:G;188031:T;188033:T;188034:G;188036:C;188037:T;188038:C;188039:G;188040:A;190401:C
MG693724	8	1	6238:C;6239:T;6241:C;6257:C;6258:G;6259:A;6261:A;8958:A;8960:C;8961:A;8962:G;8963:A;8966:T;8967:G;8968:T;8969:C;8970:T;8971:T;8972:C;8973:C;8974:A;8975:T;8976:A;8977:G;8978:G;8979:A;8980:A;8982:T;8985:T;8986:A;8987:T;8988:A;8989:C;8992:T;8994:C;8995:G;8996:G;8997:A;8999:T;9000:C;9005:A;9006:C;9007:A;9009:G;9013:A;9015:A;9016:T;9018:A;9019:T;9021:C;9022:T;9023:C;9024:T;9026:A;9027:T;9028:G;9029:T;9030:C;9031:A;9034:C;9035:C;9039:T;9040:A;9041:C;9042:A;9043:A;9044:T;9048:A;9049:T;9052:A;9053:T;9054:T;9056:T;9058:A;10300:T;10301:A;10302:A;10303:G;10304:C;10307:G;10309:T;10310:A;10311:A;10312:C;10313:T;10316:T;10317:A;10322:A;10323:A;10324:A;10329:T;10330:A;10333:T;10334:A;10336:C;10337:G;10338:A;10339:C;10340:G;10342:T;10343:A;10344:T;10345:A;63154:G;66509:G;68510:C;68511:T;68512:T;68513:T;68522:A;75989:G;108991:G;128070:A;128072:C;128073:T;128212:C;128217:G;128218:C;128219:A;128223:T;128224:A;128225:C;128226:T;128227:T;128228:T;128231:C;128232:G;128236:A;128238:A;128239:A;128240:G;128242:C;128247:G;128248:A;128249:G;128251:A;128252:T;128253:C;128254:T;128256:A;128258:C;128260:C;128261:T;128262:A;128263:C;128264:A;128265:G;128268:A;128269:G;128270:G;128272:C;128273:C;128275:A;128279:T;128280:A;128283:C;128286:C;128287:C;128288:T;128290:G;128291:G;128292:A;128293:T;128294:C;128295:A;128298:A;128299:C;128300:C;128301:A;128302:T;128303:T;128304:T;128305:C;128306:T;128307:A;128308:A;128309:G;167070:G;167071:A;167072:T;167073:A;167074:A;167075:G;167077:A;167078:C;167079:C;167081:T;167082:T;167085:A;167295:T;168994:G;185377:C
MK783027	9	1	
MK783029	2	1	
MK783030	10	1	
MK783031	1	1	
MN648051	8	1	
MT903337	6	1	
MT903338	4	1	
MT903339	1	1	
MT903342	4	1	
MT903343	3	1	
OL504741	8	1	173182:A;173456:A;191298:T;191318:T
OL504742	1	1	191241:T;191296:T;191367:T;192347:A;192352:A;192355:A
OL504743	2	2	41848:G;45028:C;50013:C;191438:T;192334:T;192345:T
ON563414	0	1	
ON568298	1	1	
ON585031	0	1	
ON585032	0	1	
ON585033	1	1	
ON585035	0	1	
ON585038	3	1	
ON585036	2	2	
ON595760	0	1	18943:G
ON609725	1	1	
ON614676	0	2	
ON615424	2	1	
ON619835	0	1	
ON619836	1	1	
ON619838	2	1	
ON622712	1	1	
ON622713	2	1	
ON622720	0	1	
ON622722	1	1	
ON627808	0	1	
ON631241	0	1	
ON631963	1	1	
ON637938	3	1	
ON637939	2	1	163190:T
ON644344	0	1	25213:G;88164:C;173318:G;173319:G;173320:G;179076:G;179172:T;179173:C;179174:G;179176:T;179177:A;179178:T
ON649708	0	1	
ON649709	0	1	
ON649713	1	1	
ON649717	1	1	
ON649715	1	2	
ON649716	1	1	
ON649714	1	1	
ON649718	0	1	
ON649719	0	1	
ON649720	0	1	
ON649721	0	1	
ON649722	0	1	
ON649723	0	1	
ON649724	0	1	
ON649725	0	1	
ON649879	0	1	
ON674051	34	1	
ON676703	0	1	
ON675438	22	1	9130:G;66698:G;81073:G;139420:G;155369:G
ON676704	2	1	
ON676705	1	1	95703:G
ON676706	0	1	181429:C;189192:C
ON676707	19	1	
ON676708	5	1	
ON682263	0	2	
ON682265	0	2	
ON682266	2	2	
ON682267	0	2	
ON682268	0	1	
ON682269	0	2	
ON682270	0	2	
ON694329	1	2	
ON694331	1	2	
ON694330	7	1	
DQ011153	120	1	
ON694332	1	2	
ON694333	0	1	
ON694334	1	2	
ON694336	0	1	
ON694335	2	1	
ON694337	1	2	
ON694339	0	2	
ON694338	0	2	
ON694340	1	1	
ON694341	1	1	
ON694342	0	1	
ON736420	1	1	47811:C;54970:T;100766:T;121526:T;128240:G;179076:G;179172:T
ON745215	0	2	187082:C
ON720849	7	1	96341:C
ON720848	6	2	6116:T;7782:A;9390:G;9595:C;15978:G;17499:C;25285:G;25788:T;36269:G;43129:C;46157:A;46596:T;52388:G;68442:C;68604:C;69006:T;69121:T;69384:C;70621:A;70624:C;75796:G;76327:G;78233:A;78234:C;82367:T;83287:C;84694:G;87881:G;93359:C;97123:A;97837:C;101098:C;114025:G;114972:G;118172:C;119855:A;124266:T;126459:C;127237:A;127325:A;138735:G;139093:T;142423:T;143317:T;147535:G;152841:A;152842:G;157726:C;166765:T;169020:G;169107:T;178150:C;179072:T;179073:T;179076:G;180506:C;189194:T;190976:C
ON751962	3	1	
ON754984	0	1	
ON754985	0	1	
ON754986	0	1	
ON754987	0	1	
ON755039	1	1	
ON755040	0	1	
ON755231	1	1	
ON755232	0	1	
ON755233	0	1	
ON755234	1	1	
ON755235	1	2	
ON755236	0	4	
ON755237	0	2	
ON755239	2	2	
ON755238	0	4	
ON755240	1	2	
ON755241	1	2	
ON755242	0	2	
ON755243	2	2	
ON755244	2	1	
ON755245	0	2	
ON755246	0	2	
ON755247	3	2	
ON755248	0	1	
ON755249	2	3	
ON755250	0	3	140136:C
ON755251	2	1	
ON755252	1	3	
ON755253	1	2	
ON755254	3	2	
ON755256	1	1	
ON780016	0	1	
ON780017	0	1	
ON782021	0	1	
ON782054	8	1	
ON782055	2	2	169759:A
ON792320	1	1	18943:G;158665:G
ON792322	0	1	43131:G;57173:C;73790:G;139055:C
ON792321	3	1	
ON803413	5	1	
ON803414	0	1	
ON803415	0	1	
ON803417	2	1	
ON803416	0	1	
ON803418	3	1	
ON803419	0	1	
ON803420	5	1	
ON803421	0	1	
ON803422	3	1	
ON803424	0	1	
ON803425	0	1	
ON803427	0	1	
ON803429	0	1	
ON803430	0	1	
ON803428	0	2	
ON803431	1	1	
ON803432	0	1	
ON803434	0	1	
ON803433	0	1	
ON803435	3	1	
ON803437	0	1	
ON803438	0	1	
ON803439	3	1	
ON803441	0	1	
ON803442	0	1	
ON803444	1	1	
ON803443	1	1	
ON808413	0	1	
ON808414	0	1	
ON808415	0	1	21239:G
ON808416	1	1	21239:G
ON808417	0	1	
ON813251	0	2	
ON813252	0	2	
ON813254	1	1	
ON813255	0	2	
ON813256	1	4	
ON813257	2	2	
ON813258	0	1	
ON813260	2	1	
ON813259	1	2	
ON813261	3	2	
ON813262	0	1	
ON813263	1	1	
ON813264	0	2	
ON813265	0	4	
ON813266	0	2	
ON813267	0	2	
ON838178	0	1	
ON838939	2	1	
ON838940	0	1	
ON843165	0	1	
ON843164	0	2	
ON843166	2	1	
ON843163	1	5	
ON843167	0	1	
ON843168	3	1	
ON843169	0	1	
ON843170	0	1	
ON843172	0	1	
ON843173	1	1	
ON843174	2	1	
ON843176	0	1	
ON843175	0	1	
ON843177	0	1	
ON843178	0	1	
ON843179	0	1	
ON843180	0	3	
ON843181	2	1	
ON853649	4	1	
ON853652	0	1	
ON853650	1	2	
ON853651	2	1	
ON853653	0	5	
ON853654	0	2	
ON853656	2	2	
ON853655	4	2	
ON853657	0	3	
ON853659	1	1	
ON853658	1	2	
ON853660	0	1	
ON853661	1	2	
ON853663	0	1	
ON853664	0	2	
ON853665	1	1	
ON853666	1	2	
ON853667	2	2	
ON853668	3	1	
ON853669	0	1	
ON853670	1	1	
ON853672	0	1	
ON853674	0	2	
ON853673	0	5	
ON853675	0	2	
ON853677	0	2	
ON853679	0	2	
ON853678	0	1	
ON853680	0	1	
ON853681	0	1	
ON853682	1	2	
ON872184	5	7	38462:A;115903:A;135159:T
ON880413	5	1	
ON880419	0	1	
ON880420	0	1	
ON880421	0	1	
ON880422	0	1	
ON880509	0	1	
ON880510	0	1	
ON880511	4	1	
ON880512	0	1	
ON880513	0	1	
ON880515	0	1	
ON880516	0	1	
MT903341	2	3	
ON880514	0	1	
ON880517	0	1	
ON880519	1	1	
ON880521	0	1	
ON880522	0	1	
ON880518	3	4	
ON880520	1	5	
ON880523	0	1	
ON880526	0	1	
ON880530	0	1	
ON880531	0	1	
ON880534	0	1	
ON880533	0	1	
ON880536	2	1	
ON880535	2	2	
ON880537	1	1	
ON880538	1	1	
ON880539	0	1	
ON880540	1	1	
ON880542	0	1	57790:C
ON880543	3	1	
ON880544	1	1	
ON880545	0	1	
ON880546	0	1	
ON880548	0	1	
ON880549	0	1	
ON918611	4	1	
ON911481	4	1	
ON918656	4	1	
ON927248	0	1	
ON929057	1	1	
ON929058	0	1	
ON929059	2	1	
ON929060	4	1	
ON929061	2	1	
ON929062	1	1	
ON929063	0	1	
ON929064	4	2	
ON929065	1	1	
ON929066	0	1	
ON929067	3	1	
ON929068	0	1	
ON929069	3	1	
ON929070	0	1	
ON929071	0	1	
ON929072	0	1	
ON929073	1	1	
ON929074	0	1	
ON929075	0	1	
ON929076	2	1	
ON929078	4	2	
ON929077	0	4	
ON929079	0	1	
ON929080	2	1	
ON929081	1	1	
ON929082	0	1	
ON929084	2	1	
ON929083	1	1	
ON929085	0	1	
ON929086	2	1	
ON929087	1	3	
ON929088	0	1	
ON929089	1	1	
ON929090	2	1	
ON950045	1	1	
ON929091	0	1	
ON954773	2	1	
ON959131	0	1	
ON959133	0	1	
ON959132	0	1	
ON959134	1	1	
ON959135	3	1	
ON959143	2	1	
ON959136	2	1	
ON959149	3	3	
ON959150	1	1	
ON959151	1	1	
ON959152	0	1	
ON959153	1	1	
ON959155	1	1	
ON959156	0	1	
ON959157	0	1	
ON959158	1	1	
ON959159	0	1	
ON959160	0	1	
ON959161	0	1	
ON959163	0	1	
ON959164	3	1	
ON959165	1	1	
ON959167	0	1	
ON959168	2	1	
ON959169	2	1	
ON959171	1	1	
ON959172	1	1	
ON959173	2	1	
ON959174	2	1	
ON959176	0	1	
ON959175	0	1	
ON959177	2	1	
ON983160	0	1	
ON983161	0	1	
ON983159	0	1	
ON983162	0	1	
ON983163	0	1	
ON983165	2	1	
ON983166	0	1	
ON983167	0	1	
ON983168	0	1	
OP013001	1	1	111492:C;125245:C;143198:C
OP013004	1	1	
OP013005	0	1	
OP013002	0	2	31243:G;32816:C
OP013006	0	1	
OP013007	0	1	
OP013008	2	1	
OP013009	0	1	
OP013003	0	1	
OP013010	0	1	
OP013011	0	1	
OP013012	1	1	
OP013013	0	1	
OP013014	0	1	
OP013015	1	2	
OP018588	0	1	
OP013016	1	10	25432:T;48262:A
OP018589	0	1	
OP018591	1	1	
OP018592	3	1	
OP018593	1	1	
OP018594	0	1	
OP018595	2	1	
OP018596	1	1	
OP018597	0	1	
OP018598	0	1	
OP018599	1	2	
OP018600	0	1	
OP018601	3	1	
OP018602	0	1	
OP018603	2	1	
OP018605	0	2	
OP018604	6	1	
OP018606	0	1	
OP018607	1	1	
OP019275	3	1	
OP019276	0	1	
OP022170	1	1	
OP019277	2	1	
OP055800	3	1	
OP055801	0	1	132912:C
OP055802	0	1	
OP205099	3	1	
OP055803	0	1	
OP055804	0	1	
OP055805	0	2	52232:G;119838:C
OP055806	2	1	
OP055807	2	1	49694:C
OP055808	0	1	
OP055809	2	1	67611:G;130231:G;159277:G
OP062229	0	1	
OP062231	0	1	
OP022171	0	10	115735:G;178569:C
OP062232	1	2	
OP062233	0	3	188047:A
OP062236	2	1	
OP062234	3	6	87215:T;146751:A;155870:T;164562:A
OP120937	1	1	
OP062235	2	1	133557:C
OP120938	2	1	
OP123040	2	1	
OP123041	0	1	
OP123042	0	1	
OP123043	0	1	
OP123044	0	1	
OP123045	3	1	
OP123046	1	1	
OP123047	1	1	
OP123048	0	1	
OP205140	2	1	
OP123049	0	1	
OP123050	0	1	
OP123051	3	2	
OP123052	3	1	
OP123053	0	1	
OP123055	4	1	
OP123054	0	1	
OP133004	2	1	
OP133005	0	1	
OP133006	4	1	
OP133007	3	1	
OP144211	1	1	
OP144212	2	1	
OP144213	1	9	
OP144214	0	1	
OP144215	0	1	
OP144216	2	1	
OP144217	1	1	
OP150923	0	1	171038:C
OP150924	1	1	
OP150925	0	1	69079:C
OP150926	0	1	178630:G;186857:G
OP150927	0	1	
OP160532	2	1	
OP169336	0	1	94258:C
OP169337	0	1	
OP169338	4	1	
OP169339	2	1	
OP169340	2	1	
OP169341	3	1	
OP169342	0	1	
OP169343	2	1	
OP169344	0	1	
OP169345	2	1	
OP169346	0	2	52232:G;119838:C
OP171919	3	1	
OP171920	0	1	
OP171921	0	1	
OP171922	1	1	
OP171923	3	1	
OP171924	0	1	
OP171925	2	1	
OP184760	0	1	
OP184761	3	1	
OP184764	1	1	
OP184763	0	1	133453:C
OP184762	3	2	
OP184765	1	1	
OP185710	0	1	
OP185709	0	1	
OP185711	0	1	
OP185712	3	1	
OP185714	3	1	
OP185713	0	1	
OP185715	1	1	
OP185716	1	1	51975:C
OP185717	1	1	
OP204840	2	1	
OP204857	1	1	
OP205067	0	1	28340:G;39515:G;66878:C;90602:C
OP205068	1	1	
OP205069	0	1	
OP205070	0	1	
OP205071	0	1	
OP205072	2	3	
OP205073	1	1	
OP205074	0	6	25644:C;55133:G;64426:C;138875:G;190588:G
OP205075	0	1	32896:C
OP205076	0	1	
OP205077	1	1	
OP205078	0	2	188319:C
OP205079	6	2	
OP205080	0	1	
OP205081	0	1	
OP205083	0	1	
OP205085	0	1	
OP205086	0	1	
OP205087	0	1	44220:C;126942:G;147168:T;157527:T
OP205089	2	1	
OP205090	0	2	57173:C;174924:A
OP205091	0	1	
OP205092	4	1	
OP205082	1	1	
OP205093	0	3	25644:C;186093:G
OP205094	1	2	
OP205096	0	1	
OP205097	3	1	
OP205098	2	1	170463:G;170776:G;175986:G
OP205100	0	1	
OP205101	1	1	
OP205102	2	1	
OP205103	1	1	
OP205104	4	1	
OP205105	1	1	115916:G
OP205106	0	1	
OP205107	0	1	
OP205108	3	1	
OP205109	2	1	43946:G
OP205111	1	1	46159:G
OP205110	0	1	154736:C
OP205112	1	1	69632:G;70757:G
OP205113	3	1	
OP205114	0	1	
OP205115	1	1	
OP205116	5	1	18001:C
OP205117	0	1	
OP205118	4	1	183265:G
OP205119	0	1	
OP205120	0	1	23947:G
OP205121	0	1	
OP205122	2	1	
OP205123	0	1	
OP205124	2	1	
OP205125	2	1	127499:C
OP205126	0	2	23567:C;46976:G;118683:C;155638:G
OP205127	1	1	61329:G
OP205129	1	1	
OP205128	0	1	86873:C
OP205130	3	1	
OP205131	1	1	
OP205133	1	1	18530:G;39324:C;182117:G
OP205132	0	1	16231:G;25152:G
OP205134	0	1	97390:G;122385:C
OP205135	0	1	2714:G;32983:C;66822:G;68247:G;69081:G;88752:G;177649:C;194424:C
OP205136	1	1	168353:G
OP205137	1	1	176818:G
OP205138	0	1	
OP205139	0	1	
OP215204	1	1	
OP215205	2	1	
OP215206	1	1	
OP215208	0	1	
OP215207	1	2	
OP215209	5	1	
OP215210	0	1	
OP215211	0	1	
OP215213	3	1	
OP215215	4	1	
OP215214	0	1	
OP215216	0	1	
OP215217	2	1	
OP215219	0	1	
OP215218	0	1	
OP215220	1	1	
OP215221	9	1	
OP215223	0	1	
OP215222	1	1	
OP215224	0	1	
OP215225	3	4	
OP215226	3	1	
OP215227	4	1	
OP215228	2	1	
OP215229	2	2	
OP215230	1	1	
OP215231	2	1	
OP215233	1	1	
OP215232	0	1	
OP215234	0	1	
OP215235	0	1	
OP215237	0	1	
OP215236	1	1	
OP215239	0	1	
OP215240	4	1	
OP215241	3	1	
OP215242	4	1	
OP215243	1	1	
OP215244	0	1	
OP215245	1	1	
OP215246	1	1	
OP215247	1	1	
OP215248	1	1	
OP215249	0	1	
OP215250	3	1	
OP215251	1	1	
OP215252	4	1	
OP215253	1	1	
OP215254	2	1	
OP215255	0	1	
OP215256	2	1	
OP215257	2	1	
OP215258	4	1	
OP215259	0	1	
OP215260	3	1	
OP215262	1	1	
OP215263	3	1	
OP215264	1	1	
OP215265	2	1	
OP215266	1	1	
OP215267	0	1	
OP215268	2	1	
OP215269	2	1	
OP215270	1	1	
OP215271	1	1	
OP215272	3	2	
OP215273	4	1	
OP215274	2	1	
OP215275	2	1	
OP215276	0	1	
OP215277	3	1	
OP215278	1	1	
OP215279	4	1	
OP215280	1	1	
OP215281	1	1	
OP215282	6	1	
OP215283	0	1	
OP215284	1	1	
OP215285	2	1	
OP215286	3	1	
OP215287	2	1	
OP215288	4	1	
OP225960	2	1	
OP225961	0	1	
OP225963	1	1	
OP225962	0	1	
OP225964	0	1	
OP225965	2	1	
OP225967	0	1	
OP225966	2	1	
OP225968	0	1	
OP225969	0	1	
OP245307	2	1	
OP226139	0	1	
OP245308	0	5	
OP245309	4	1	
OP245311	0	1	
OP245312	2	24	
OP245310	3	22	
OP245313	0	2	
OP245314	0	1	
OP245316	1	7	
OP245317	1	3	
OP245315	7	1	
OP245319	1	1	
OP245320	3	7	
OP245321	2	1	
OP245322	4	3	
OP245324	0	2	
OP245323	0	6	
OP245325	0	1	
OP245326	0	1	
OP245327	1	2	
OP245328	1	2	
OP245329	1	2	
OP245330	1	1	
OP245331	6	1	
OP245334	2	1	
OP245336	0	13	
OP245335	1	21	
OP245337	0	1	
OP245339	0	1	
OP245338	0	24	
OP245340	1	15	
OP245341	1	1	
OP245342	4	1	
OP245343	0	1	
OP245345	0	1	
OP245344	2	10	
OP245346	0	21	
OP245348	0	1	
OP245347	3	23	
OP245349	3	4	
OP245350	1	1	
OP245351	2	1	
OP245353	2	14	
OP324503	1	1	
OP245354	0	3	
OP245355	2	1	
OP245357	6	1	
OP245358	1	6	
OP245356	1	1	
OP245359	0	6	
OP245360	3	5	
OP245361	0	2	
OP257243	3	2	
OP257244	0	1	
OP257245	0	1	
OP257247	1	5	18133:C;63811:G;188976:G;190588:G
OP257246	0	1	
OP324526	0	1	
OP257248	0	1	
OP257249	0	1	
OP257250	4	1	
OP324538	1	1	
OP257251	1	1	
OP257252	3	1	
OP324546	0	1	
OP257253	1	1	
OP257254	0	1	
OP257255	0	1	
OP257256	1	1	
OP257257	0	1	
OP257258	1	1	
OP257259	0	1	
OP257260	0	1	
OP257261	0	1	
OP257262	1	1	
OP257263	0	1	
OP257264	0	1	
OP257265	4	1	
OP257266	0	1	
OP257267	5	1	
OP263626	2	4	
OP263627	1	1	
OP263628	4	1	
OP263629	1	1	
OP263630	4	1	
OP263631	0	1	
OP263632	0	1	
OP263633	1	1	
OP263634	3	1	
OP263635	0	1	
OP263636	0	1	
OP270022	4	1	
OP270023	0	1	
OP270024	1	1	
OP270026	0	1	
OP270027	1	1	141346:C
OP270028	5	1	
OP270472	0	2	
OP270471	0	1	
OP270473	0	1	
OP270029	0	1	
OP270474	0	1	
OP270475	0	1	
OP270476	3	1	
OP279033	4	1	
OP279035	0	1	
OP279036	1	1	
OP279039	0	2	20669:G;24622:G
OP279038	2	1	
OP279037	2	2	84914:A;133036:T;180812:C
OP279041	0	1	21245:T;48085:T;52856:T;69260:A
OP279042	1	1	69260:A;94393:A;169742:G;184055:T
OP279043	0	1	
OP279040	1	2	
OP279044	1	2	
OP279045	0	1	
OP279046	0	1	
OP289782	1	1	
OP279047	0	1	
OP289783	0	1	
OP295382	1	1	
OP295383	5	18	
OP279049	0	1	
OP303779	0	1	
OP303778	0	1	
OP303780	0	1	
OP303781	0	1	
OP303782	2	1	
OP303783	3	1	120447:C;120979:C
OP303784	0	1	
OP303786	0	1	
OP303785	0	2	
OP303787	1	1	
OP303788	2	1	
OP303789	0	1	
OP303790	0	1	
OP303791	0	1	
OP303792	0	1	
OP303793	0	1	38817:G;178824:A
OP303794	1	1	
OP303795	3	1	168878:G
OP303796	3	1	
OP303797	0	1	
OP310039	1	1	
OP310038	0	1	
OP310040	2	1	
OP310041	1	1	
OP310042	0	1	
OP310043	1	1	139543:G
OP310044	0	1	
OP310045	1	1	
OP310046	0	1	
OP310047	1	1	76923:C
OP310048	0	1	
OP310049	0	1	20156:A;103417:C;173114:C
OP310050	2	1	
OP310051	1	1	161806:G
OP310052	1	1	
OP310053	1	1	
OP310054	4	1	
OP310055	0	1	134564:G
OP310056	3	1	
OP310057	0	1	
OP310058	1	1	
OP310060	1	1	
OP310059	1	1	
OP310061	0	1	
OP310062	0	1	
OP310063	0	1	
OP310064	0	1	
OP310065	2	1	
OP310066	0	1	
OP310068	0	1	
OP310067	2	1	
OP310069	1	1	
OP314957	0	1	
OP314958	3	1	
OP314959	1	1	
OP314960	1	1	
OP314961	0	1	
OP320548	0	1	
OP320549	0	1	
OP320550	0	1	
OP392550	0	1	
OP320551	0	1	
OP320552	1	1	
OP320553	0	1	10945:G
OP320555	0	1	
OP320554	2	1	
OP324454	0	1	
OP324456	0	1	
OP324457	1	1	
OP324458	0	4	
OP324459	0	1	
OP324460	3	1	
OP324462	0	1	
OP324464	3	6	
OP324461	1	1	
OP324465	2	5	
OP324466	0	1	
OP324467	1	6	
OP324468	0	9	
OP324469	0	1	
OP324470	2	1	
OP324471	0	10	
OP324472	0	1	
OP324473	1	1	
OP324475	1	3	
OP324476	1	1	
OP414309	0	1	
OP324477	0	1	
OP324478	0	1	
OP324480	0	1	
OP324479	5	3	
OP324481	3	2	
OP324482	1	6	
OP324483	0	1	
OP324492	0	8	
OP324493	0	1	
OP324494	0	1	
OP324496	2	1	
OP324498	2	1	
OP324500	1	1	
OP324505	0	1	
OP324507	1	1	
OP324509	0	21	
OP324512	2	9	
OP324511	0	1	
OP324516	1	19	
OP324518	1	6	
OP324523	0	1	
OP324524	0	1	
OP324525	0	1	
OP324527	1	1	
OP324528	0	2	
OP414347	2	15	
OP324529	0	1	
OP324530	2	13	
OP324531	0	1	
OP328308	1	1	
OP328309	1	1	
OP328310	2	1	2590:G;194548:C
OP328311	3	1	
OP328312	4	1	
OP331334	0	4	20992:C;143789:G;177833:C;188319:C
OP331335	5	1	
OP331336	29	1	
OP331337	0	1	23542:A
OP331338	1	1	61001:T
OP339846	2	1	
OP339847	1	1	
OP339848	0	1	
OP339849	1	1	
OP339850	0	1	
OP339852	3	1	
OP339851	0	1	
OP339853	6	1	
OP339854	4	1	
OP339855	3	1	
OP339856	1	2	
OP341487	1	1	
OP351278	0	1	
OP351279	0	1	
MN346698	89	1	10431:C;43000:A;100018:G;169714:C
OP351281	0	1	
OP351280	0	1	
OP351282	0	1	
OP351283	0	1	
OP351284	2	1	
OP351285	1	1	
OP351286	2	1	
OP351287	0	1	
OP355562	0	1	
OP355563	0	3	
OP355564	0	3	
OP355566	0	11	
OP355565	0	2	
OP355567	1	1	
OP355568	1	1	
OP355569	0	1	
OP355570	0	3	
OP355571	2	3	
OP355572	0	1	
OP355573	0	1	
OP355575	0	1	
OP355574	0	1	
OP355576	0	1	
OP355577	0	2	
OP355579	0	1	
OP355578	0	1	
OP355580	0	3	
OP355581	1	11	
OP355582	0	1	
OP358276	0	1	
OP373386	1	1	
OP373387	0	1	
MN346699	1	1	10431:C;29758:T
OP373388	0	1	
OP373389	5	2	
OP373390	0	1	
OP373391	0	1	
OP373392	0	1	
OP378693	0	1	
OP378694	1	1	
OP378695	0	1	
OP378696	0	1	
OP378697	0	2	15306:C;45781:G;51893:C;88979:A;151866:C
OP378698	0	1	
OP378699	0	1	
OP378700	0	1	60057:G;118904:G
OP378701	1	1	
OP378702	1	1	
OP378703	0	1	
OP378704	0	1	136512:A
OP378705	0	1	
OP378706	1	1	
OP378707	0	1	
OP378708	0	1	
OP378709	0	1	
OP378710	0	1	
OP378711	0	1	
OP381201	1	2	
OP381202	1	1	
OP381204	5	3	
OP381203	2	6	
OP381205	2	4	
MN346700	0	2	10431:C;10454:C;10798:C;20993:G;32762:G;32774:G;42132:C;42287:C;47163:C;54308:T;55849:G;58560:G;59804:T;59858:T;60141:C;60327:A;66046:C;68096:C;72833:G;76079:T;88614:T;95749:C;96589:C;104135:G;109217:C;113580:C;115921:T;128538:C;131827:C;133754:G;135312:C;136590:C;140345:G;145115:G;146404:T;154964:A;159553:G;169721:T;181857:C;183803:C;187008:T;187047:T
OP381206	3	2	
OP381207	5	2	
OP381208	5	2	
OP381209	3	1	
OP382479	0	1	
OP382480	0	1	
OP382481	2	1	
OP382482	0	1	
OP382486	3	1	
OP382488	1	1	
OP382490	0	1	
OP382489	1	1	
OP382491	5	2	
OP382492	2	3	
OP382493	3	1	
OP390175	4	1	
OP390176	0	1	
OP390177	1	2	
OP390178	0	4	
OP390179	1	1	
OP390180	4	1	
OP390187	0	2	13224:G;24035:G;24038:A;27184:C;31941:T;34503:A;36184:A;43848:C;74145:C;74149:A;82407:A;133529:T;146714:G;146721:C;155723:G;156800:T;156802:G
OP390188	1	42	6293:T;12833:T;13224:G;24035:G;24038:A;31941:T;32321:C;34503:A;36184:A;50178:G;50180:T;73740:T;74149:A;82407:A;114640:T;114644:A;128227:T;133529:T;133535:G;134553:T;146714:G;155723:G;156800:T;156802:G;171082:A;179172:T;190845:A
OP390189	1	1	34503:A;74149:A;146714:G;155723:G;179172:T
OP390190	2	3	2879:T;13224:G;24035:G;24038:A;27050:T;34503:A;36184:A;43848:C;74149:A;113073:T;114640:T;114644:A;130733:T;133529:T;134553:T;146714:G;155723:G;156800:T;156802:G;171082:A;179172:T;194259:A
OP390191	0	1	12827:T;13224:G;24035:G;24038:A;34503:A;36184:A;44045:T;74149:A;113073:T;114640:T;114644:A;130733:T;133529:T;142241:A;146714:G;155723:G;156800:T;156802:G;179172:T
MN346701	0	1	2790:G;3516:G;3533:G;3716:T;4075:G;4394:A;4533:G;4557:G;4618:A;4705:A;5045:C;5125:C;5302:T;5385:G;5742:C;8030:A;8192:G;8550:A;9229:G;9255:C;9923:A;10203:T;10431:C;10454:C;10883:A;10926:G;12680:T;13066:C;13514:A;13527:A;13600:C;13661:T;14890:C;15249:G;16066:C;16254:A;16576:C;17044:G;17222:G;17578:T;17579:A;17582:A;17762:A;18065:A;18383:G;18593:T;18742:G;19918:A;19950:G;20041:C;20338:C;20745:T;21039:T;21166:C;21304:G;22882:G;23126:C;23523:A;23701:C;24759:T;24844:T;25016:C;25021:G;25450:G;25502:A;25701:C;25771:G;26104:C;26404:T;27700:G;27720:T;27741:A;27933:T;27998:T;28934:C;29001:C;29069:T;29276:A;29498:G;30365:A;30900:C;30987:C;31294:T;31374:G;31555:C;32935:T;33139:C;35505:C;35678:A;36455:G;36939:C;37321:T;40358:A;40649:T;40684:G;40862:C;41373:G;41503:T;41515:G;41597:C;41696:T;41806:G;44035:A;44206:C;44543:A;44736:T;45307:T;45540:A;45967:T;46249:C;46548:C;47038:C;48095:T;48657:G;51729:C;51758:C;51869:C;52474:G;52485:T;52525:T;53189:A;53482:G;53580:T;53627:T;53631:T;53699:A;53834:A;54249:T;54541:C;55225:T;56284:A;56453:A;56523:C;56937:A;57221:T;57920:T;58370:C;58403:T;58860:A;59055:C;59078:T;59458:T;59599:C;59826:T;60965:A;61562:T;61632:A;62422:A;62584:G;62797:T;63077:G;63203:A;63851:G;63942:A;65262:G;65457:T;65481:A;65526:C;65954:A;66246:G;66253:C;66255:T;66440:A;66568:C;66570:C;66748:A;66767:T;67168:G;67640:G;68151:T;68735:T;69359:A;69618:T;69770:T;69855:G;70127:A;70309:G;70664:A;71533:A;72081:C;72600:T;72965:A;72966:C;73394:G;73592:T;73665:A;73844:A;74877:A;74934:A;75103:G;75547:C;75857:C;76570:C;76857:C;76890:A;76950:A;77441:T;77676:T;78191:T;78347:A;78694:T;78904:A;79109:C;79379:C;79390:T;80289:G;80660:A;81296:G;81362:T;81619:T;82376:C;82755:C;83233:C;83703:C;84058:T;84149:T;85138:T;85447:T;85629:G;86125:A;86181:C;86434:G;86746:C;86994:A;87218:C;87305:T;87387:C;87579:G;87839:T;88114:G;89062:C;89142:A;89745:C;89795:C;90269:G;90275:T;90338:A;90591:G;91294:C;91774:T;92154:C;92251:G;92846:G;92871:T;92912:A;92918:G;93311:T;93814:T;93885:T;94881:A;94941:T;95057:G;96129:A;96431:G;96464:A;96640:C;96939:G;97183:T;97577:C;98070:A;98096:T;98734:A;99109:T;99141:A;99234:G;99895:G;100323:C;100769:T;101167:A;101261:G;101460:T;101536:T;101819:A;102520:T;102790:T;102870:T;102829:T;103319:G;104396:G;104432:C;105030:C;105336:A;105642:C;106512:A;106597:C;106608:C;107160:T;107326:A;107592:G;107752:C;108855:T;108856:A;109364:A;110906:A;110959:C;110927:A;111179:G;111379:G;111393:T;111523:G;111803:C;111805:T;112175:T;112260:G;112757:A;113004:G;113090:C;113531:G;113806:C;114327:G;114358:G;114575:A;114793:C;115339:C;115859:G;115862:G;116875:C;116985:C;117005:G;117276:A;117447:G;118542:A;118572:A;118965:A;119109:G;119117:A;119398:C;119672:C;120105:T;120179:T;120181:A;120188:G;121390:T;122301:G;122470:A;122593:T;122692:C;123471:A;123815:T;124334:C;124361:C;124910:A;125405:T;125883:G;126380:T;126723:A;126927:A;126939:A;127440:G;127551:C;127702:T;128061:T;128207:A;128445:T;128624:G;128635:A;129420:T;129643:A;130043:T;130533:T;130648:G;131028:G;131516:G;131809:C;131947:A;132616:A;132674:C;132748:A;133004:G;133716:C;133795:A;134496:C;135174:C;135401:A;135532:A;135720:A;136015:G;136503:T;136533:C;136537:A;136539:C;136545:C;136546:A;136549:A;136551:C;136564:A;136989:T;137964:C;138117:A;138165:C;138512:A;139106:A;139290:A;139531:G;139901:C;139980:T;140538:T;140554:C;140567:A;141016:T;141017:A;141338:G;141688:A;142446:G;142514:G;142650:C;142884:A;142904:G;143241:T;144195:A;144727:T;144932:T;145857:A;146006:G;146396:A;146875:A;146887:A;146908:A;146921:A;147466:A;147904:T;148285:A;148561:T;148798:G;149090:C;149293:T;149419:T;149577:G;149655:G;150082:A;150406:C;150443:C;150953:A;152165:G;152325:C;152458:A;152569:A;153400:G;153873:G;154150:A;154733:A;155392:C;155520:G;155653:T;155910:G;156338:A;156936:G;156940:C;157200:G;157935:T;158181:C;158469:A;158491:C;159086:T;160100:G;160623:T;160767:C;161034:T;161053:T;161834:A;162559:G;162661:A;162667:A;162824:G;163339:T;163345:A;163924:A;164326:G;164824:A;164881:C;164970:G;165124:G;165278:C;166110:T;168144:A;168342:T;168430:A;169231:G;169474:T;169599:A;169802:A;169908:G;170271:T;170484:T;170531:A;171010:C;171013:C;171314:T;172162:T;172166:G;172469:T;173439:T;173518:A;173529:G;174419:A;174576:G;174922:G;175323:A;175463:G;175694:C;176359:G;177077:G;178191:A;178350:C;178661:C;178706:T;178772:A;179619:A;179711:T;179720:G;180794:T;180813:C;180897:A;180913:T;181781:A;182006:C;182235:A;182512:G;182540:G;183319:G;183780:C;184187:G;184478:A;185022:G;185832:G;185891:G;186396:G;186501:T;186806:G;187270:A;187481:C;187950:C;188099:A;188883:T;189381:G;190567:A;190695:G;190698:G;191753:C;192013:G;192093:G;192433:T;192581:C;192605:C;192744:T;192968:T;192978:T;193063:C;193165:A;193605:C;193622:C;194715:G;194769:T;196089:A
OP390193	0	1	24035:G;74149:A;133529:T;146714:G;155723:G;179172:T
OP390194	1	1	13224:G;24035:G;24038:A;34503:A;34508:A;36184:A;44045:T;46504:G;74145:C;74149:A;97632:T;113073:T;114640:T;114644:A;130733:T;133529:T;134182:T;142241:A;146714:G;155723:G;156800:T;156802:G;177464:T
OP390195	6	1	2879:T;13224:G;24035:G;24038:A;31941:T;34503:A;36184:A;44045:T;74145:C;74149:A;97630:G;97632:T;113073:T;114640:T;130733:T;133529:T;142241:A;146714:G;155723:G;156800:T;156802:G;171082:A
MN346702	6	1	10431:C;10454:C;30145:C;94303:C;136968:C;173575:G
OP390197	0	1	12827:T;12833:T;13224:G;24035:G;24038:A;31941:T;34503:A;34508:A;36184:A;44045:T;74149:A;97632:T;113073:T;114640:T;114644:A;130733:T;133529:T;142241:A;146714:G;155723:G;156800:T;156802:G;171082:A;179172:T
OP390196	3	5	12833:T;13224:G;24035:G;24038:A;31941:T;32321:C;34503:A;34508:A;36184:A;74149:A;82407:A;97630:G;97632:T;113073:T;114640:T;114644:A;130733:T;133529:T;134553:T;146714:G;155541:A;155723:G;156800:T;156802:G;171082:A;177464:T;179172:T
OP390198	0	5	12827:T;13224:G;24035:G;24038:A;31941:T;34503:A;36184:A;44045:T;74149:A;113073:T;114640:T;114644:A;133529:T;142241:A;146714:G;155723:G;156800:T;156802:G;179172:T
OP390199	0	8	12827:T;13224:G;24035:G;24038:A;34503:A;34508:A;36184:A;44045:T;60855:G;74149:A;99831:C;113073:T;114640:T;114644:A;130733:T;133529:T;133535:G;142241:A;146714:G;155723:G;156800:T;156802:G;171082:A;179172:T
OP390201	2	2	34503:A;74149:A;133529:T;140156:A;146714:G;155723:G;156800:T;179172:T
OP390200	3	6	12833:T;13224:G;24035:G;24038:A;34503:A;36184:A;74145:C;74149:A;97632:T;113073:T;114640:T;114644:A;130733:T;133529:T;140155:A;140156:A;142241:A;146714:G;155723:G;156800:T;156802:G;171082:A;179172:T
OP390202	2	4	6293:T;12833:A;13224:G;24035:G;24038:A;31941:T;32321:C;34503:A;36184:A;74149:A;82407:A;114640:T;114644:A;133529:T;146714:G;155723:G;156800:T;156802:G;171082:A;179172:T;190845:A
OP390203	1	4	2879:T;12833:A;24035:G;24038:A;34503:A;36184:A;43848:C;73740:T;74149:A;82407:A;114640:T;114644:A;130733:T;133529:T;146714:G;155541:A;155723:G;156800:T;156802:G;177464:T;179172:T;190845:A;194259:A
MN346703	4	1	3963:T;7521:A;7571:C;8219:A;8726:T;9460:T;9530:G;10454:C;11484:C;11513:T;12415:G;13347:C;15743:T;16175:T;16362:C;17831:C;17849:A;18857:T;18864:T;18865:T;18895:T;19131:C;19371:A;19563:G;19742:A;19839:T;20015:G;20750:A;20910:T;21606:A;23082:A;23698:C;24273:A;24466:A;25247:T;26474:T;26739:A;27886:A;28082:G;28999:T;29640:C;29654:G;29764:C;30145:C;32171:A;32716:A;34068:G;34279:G;34325:C;34821:A;35462:T;35606:G;35725:T;35985:G;37518:G;37870:T;38174:T;39107:T;39244:C;40594:T;42147:G;42452:G;42583:T;43186:A;43622:C;44895:T;44917:A;46369:G;47809:C;47932:C;49468:T;49906:A;50140:A;50582:T;50586:T;50805:G;51170:G;52184:G;52505:G;52780:C;54342:G;55910:C;56665:A;56840:A;57272:C;58385:C;58598:C;59024:A;59540:C;59914:T;60410:C;60705:A;61409:T;62625:T;63391:G;64157:A;64621:G;64926:C;65706:T;65856:A;66188:A;66336:C;66419:A;66987:C;67412:T;68062:T;68728:T;68949:A;68951:G;69283:G;70189:C;70339:T;74916:C;75083:C;76816:A;78968:A;79164:C;79456:C;79686:C;80095:T;80265:C;82612:G;82642:A;82872:C;82942:A;82970:C;83595:T;83702:T;84233:C;85210:A;85716:G;86432:A;86480:T;86818:A;88830:C;89256:C;89577:G;90023:T;92166:G;94920:A;95279:C;97927:A;99041:T;99704:C;101718:C;103937:G;105479:C;106218:A;106254:C;106407:T;106889:A;107036:C;107984:A;108115:T;109882:T;109884:C;109919:T;110268:G;110307:T;110862:G;111431:G;112115:T;112138:A;113300:A;113746:C;114282:G;114931:T;115616:T;115921:T;116155:T;116239:G;117089:G;117157:A;121507:A;122425:C;123960:A;125875:C;126920:G;128262:A;128674:T;129671:C;129771:T;130113:T;130346:G;130790:T;130791:T;130813:A;131227:C;131251:G;131873:G;132056:C;132104:T;132106:A;132113:C;133318:T;133502:G;134114:A;135088:A;135853:A;135979:T;136285:A;136309:T;136521:C;137325:T;137734:C;139414:A;139542:C;139700:G;139904:C;140041:A;140179:G;141428:T;142237:G;142357:C;142562:G;143068:T;143580:C;144344:C;144752:A;147042:G;148932:T;148970:T;149257:T;149265:G;149372:G;149374:C;149475:A;149730:G;150693:A;151506:A;151596:G;151730:G;151818:G;152999:G;154707:A;155561:A;156535:A;157074:A;157326:A;157736:T;159200:C;159569:T;159791:T;161113:T;161649:T;163442:A;163660:T;164407:T;164589:T;165026:T;165583:T;165737:G;165892:G;165987:G;166981:A;167572:T;168470:G;169265:A;169829:G;170393:C;170692:A;171808:C;171921:A;172563:C;172602:A;172753:G;172847:T;172998:C;173509:C;173529:G;173535:G;173875:G;174074:A;175188:C;176094:G;178569:C;180468:C;181895:T;181900:A;181953:A;181957:G;181989:A;184009:T;184596:T;184628:T;184750:C;184926:G;185008:C;186576:G;187189:G;189424:G;192379:A;193175:A;193560:C;195272:A;195776:G
OP390205	3	1	12833:T;13224:G;24035:G;24038:A;31941:T;34503:A;34508:A;36184:A;44045:T;71639:T;74149:A;113073:T;114640:T;130733:T;133529:T;142241:A;146714:G;155723:G;171082:A;179172:T
OP390206	5	1	13224:G;24035:G;24038:A;31941:T;34503:A;34508:A;36184:A;44045:T;74149:A;113073:T;114640:T;114644:A;130733:T;133529:T;142241:A;146714:G;155723:G;156800:T;156802:G;171082:A;179172:T
MT250197	7	1	15918:A;29763:C;35181:T;36059:A;43173:C;43707:T;43927:T;55346:C;55574:C;57896:T;66580:A;72961:A;73116:A;82031:A;82497:A;88995:T;98176:T;99679:G;104417:G;113899:A;123510:A;126573:T;128199:G;135246:C;143334:T;146687:C;149878:G;152836:G;180002:A;181741:C
OP392531	0	1	
OP392532	2	1	
OP392533	0	1	
OP392534	0	1	
OP392535	0	1	74360:G
OP392536	0	1	
OP392537	2	1	
OP392539	0	1	5375:G;29910:G;55133:G;64426:T;100182:A;111191:C;186093:G;191763:C
OP392538	0	1	
OP392541	4	1	
OP392542	0	1	
OP392543	0	1	
OP392545	0	1	
OP392546	6	1	
OP392547	0	1	
OP392549	0	1	
OP392551	0	1	
OP392552	1	2	82914:G;156469:G
OP392553	1	1	
OP394229	0	1	
OP413713	8	2	153104:C
OP413714	1	1	
OP413715	3	1	26345:T;87764:C;95229:C;157775:G
OP413716	2	1	147098:C;156429:C
OP413717	0	1	
OP413718	46	1	
OP414283	0	6	
OP414284	0	2	
OP414295	0	2	
OP414296	1	1	
OP414298	0	1	
OP414312	1	11	
OP414317	2	8	
OP414319	3	31	
OP414321	1	2	
OP414320	1	2	
OP414325	1	1	
OP414326	1	9	
OP414327	0	1	
OP414330	1	1	
OP414328	0	19	
OP414329	1	1	
MT903345	0	1	
OP414333	1	24	
OP414334	1	14	
OP414349	0	11	
OP414350	0	13	
OP414355	0	1	
OP414356	0	2	
OP414357	0	15	
OP414358	0	25	
OP414362	0	1	
OP414365	1	6	
OP414371	1	7	
OP414376	0	2	
OP414377	0	11	
OP414379	0	18	
OP415180	0	1	
OP415182	3	1	
OP415183	0	1	
OP415184	3	1	
OP415186	0	1	
OP415187	0	1	
OP415188	1	1	
OP415189	0	1	
OP415190	3	3	
OP415192	0	1	
OP415193	0	1	
OP415194	0	1	
OP415195	0	1	
OP415196	0	1	
OP415185	0	1	
OP415197	3	1	
OP415198	0	1	
OP415200	1	1	
OP415201	0	1	
OP415202	0	1	
OP415203	0	1	184035:G
OP415204	0	1	189116:C
OP415205	1	1	
OP415206	3	1	
OP415208	5	1	104672:C
OP415209	0	1	
OP415210	1	2	
OP415212	3	1	
OP415214	1	1	
OP415215	0	1	
OP415213	0	1	29712:G
OP415218	2	1	
OP415219	2	1	
OP415221	1	1	138856:G
OP415222	2	1	186693:G
OP415223	0	1	
OP415225	5	1	
OP415226	0	1	
OP415228	1	1	
OP415227	1	1	
OP415231	0	1	
OP415230	1	1	1819:G;10832:G;195319:C
OP415233	0	1	
OP415229	0	1	
OP415235	1	1	
OP415234	9	1	
OP415236	1	1	
OP415237	6	1	152033:C
OP415238	1	1	
OP415239	2	1	
OP415241	0	1	44032:C
OP415242	0	1	
OP415243	4	1	
OP415244	0	1	
OP415245	2	1	
OP415246	1	1	4911:C;182093:G;192227:G
OP415247	1	1	4911:C;192227:G
OP415248	2	1	
OP415249	0	1	43661:G;88542:C;102694:G;142088:C;189216:G
OP415250	4	1	122808:C
OP415252	1	1	
OP415251	1	1	
OP415253	0	1	
OP415254	1	1	
OP415256	0	1	
OP415255	0	1	
OP415257	0	1	
OP415259	3	1	
OP415258	1	1	
OP415261	0	1	45162:C
OP415262	1	1	
OP415263	0	1	
MT903346	0	1	
OP415266	1	1	
OP415267	0	1	
OP415268	2	1	
OP415270	0	1	
OP415271	2	1	
OP415272	0	1	47357:G;120864:G;186417:G;188306:A
OP415274	1	1	
OP415276	1	1	
OP415277	1	1	41336:G
OP415278	1	1	60600:G;80456:C;146250:C
OP415281	0	3	16110:G;38400:C;51378:G;74360:G;82577:G;89030:C;181010:G
OP415282	0	1	
OP422340	2	1	
OP422245	0	18	137606:G
OP422341	2	2	
OP422342	1	1	
OP422343	0	1	
OP431395	0	1	
OP431396	0	1	
OP431397	0	1	
OP431398	0	1	
OP431399	0	1	
OP431400	3	1	
OP431401	0	1	
OP431402	1	1	
OP431825	0	1	
MT903347	0	1	
OP431827	0	1	
OP431826	0	1	
OP431828	0	1	
OP431829	0	1	
OP440531	2	1	
OP440532	0	1	
OP440533	1	1	
ON880506	2	1	
OP434519	1	2	
OP440534	1	1	179172:T
OP440535	0	1	114644:A
OP440536	0	1	114644:A
OP440537	3	2	
OP440543	1	1	
OP440544	0	1	
OP440545	0	1	179172:T
OP440546	0	1	
OP440547	2	1	
OP440548	2	13	
OP440552	1	3	
OP440553	3	1	
OP440554	0	1	
OP440555	3	10	
OP440560	0	1	90309:T
OP440561	4	1	12827:T;179172:T
OP440562	0	1	
OP440565	2	11	
OP440567	0	14	
OP440568	0	9	
OP440569	1	1	
OP440570	0	1	
OP440571	2	5	
OP440582	1	3	
OP440572	4	3	
OP440583	0	1	146714:G
OP440584	0	1	
ON880507	0	1	
OP440588	2	11	
OP440589	3	10	
OP440590	2	1	34503:A;177464:T
OP440591	4	4	
OP440593	0	1	172642:A
OP440596	0	1	177464:T;190845:A
OP440595	3	4	114644:A
OP440597	3	25	25644:C;44728:C;117061:C;140155:A;140156:A;148403:G;148771:C;164476:G
OP440598	4	1	114316:G;179172:T
OP440599	0	1	34503:A;116100:T
OP440600	0	1	
OP440604	4	2	
OP442540	0	1	
OP440606	0	1	190845:A
OP440607	0	1	179172:T
OP442542	0	1	
OP442543	1	1	
OP442544	2	1	
MT903348	0	1	
OP442545	4	2	
OP442546	1	1	
OP442548	0	1	132698:T
OP442551	0	1	5595:G;84748:C;191543:C
OP442553	4	2	6293:T;190845:A
OP442554	0	1	
OP442555	0	1	
OP442557	0	1	
ON880524	0	36	
OP442558	2	1	
OP442559	2	1	
OP442560	3	2	
ON880525	0	11	
OP442562	1	1	179172:T
OP442561	2	1	
OP442566	2	1	
OP442565	1	1	6293:T
ON880527	0	2	
OP442567	1	1	6293:T;13224:G;140155:A;140156:A
OP442569	1	26	
OP442570	0	1	
OP442936	4	1	
OP531887	2	1	
OP442937	1	1	
OP442938	4	1	
OP442939	0	1	
OP442941	3	1	
OP442942	1	1	
OP442943	1	1	
OP442944	1	1	
OP442945	1	1	
OP442946	3	1	
OP450985	0	1	
OP324535	0	1	
OP442947	0	1	
OP450986	2	2	
OP450988	1	1	
OP450987	0	1	
OP450989	1	1	
OP450990	3	1	
OP450992	1	1	
OP450993	1	1	
OP450994	0	1	
OP450995	0	1	
OP450996	0	1	
OP450998	1	1	159398:C
OP450997	7	1	114950:G
OP450999	1	1	
OP451000	0	1	
OP451002	1	1	
OP451001	1	1	28483:G;180619:C
OP451003	1	2	
OP451004	1	2	
OP451005	1	1	136643:C
OP451006	0	1	
OP451007	0	1	
OP451008	2	1	
OP451010	0	1	
OP451009	0	1	
OP451011	0	1	
OP451012	5	1	
OP451013	1	1	
OP451014	1	2	5233:G;136330:G;144859:G;175535:G;176514:G;177168:G;177195:G;177890:G;178598:G;191905:C
OP451015	2	1	
OP451016	0	1	19240:G
OP459208	0	233	
OP459202	0	1	99441:C
OP459209	0	1	
OP459210	1	1	
OP459211	3	1	
OP459212	1	5	
OP459213	0	1	
OP459214	0	1	
OP459215	0	1	
OP459216	0	1	
OP459217	4	1	
OP459218	0	1	
OP459219	0	2	
OP459220	2	2	
OP477444	0	2	
OP477446	1	2	
OP477445	0	2	
OP477447	0	2	
OP477448	1	1	
OP477449	0	2	
OP477450	0	1	
OP477452	0	1	
OP477451	1	2	
OP477453	1	2	
OP477454	0	1	
OP477455	0	1	
OP477456	0	2	
OP477457	0	2	
OP480404	2	1	
OP480405	2	1	
OP480406	2	1	
OP480407	2	1	
OP480408	2	2	
OP480409	6	2	
OP480410	2	2	
OP480411	5	1	
OP480412	3	1	
OP480413	1	1	
OP480414	4	4	
OP480415	4	5	
OP480416	0	1	
OP480417	1	1	
OP480418	2	1	
OP480419	3	1	
OP480420	4	1	
OP480421	2	1	
OP484340	1	1	
OP484341	1	1	
ON880528	0	1	
OP484663	0	1	
OP484664	0	1	
OP484666	1	1	
OP484667	1	1	
OP484668	0	1	
OP484669	0	1	
OP484670	1	1	
OP484671	0	1	
OP484672	0	1	
OP484673	3	1	
OP484674	1	1	
OP484675	2	1	
OP484677	2	1	
OP484678	0	1	
OP484679	0	1	
OP484681	0	1	
OP484680	4	1	
OP484682	2	1	
OP484683	2	1	
OP484684	0	1	
OP484685	0	1	
OP484687	0	1	
OP484686	2	1	
OP484688	8	1	
OP484689	2	1	
OP484691	0	1	
OP484690	5	1	
OP484692	4	1	
OP484693	1	1	
OP484694	0	1	
OP494257	5	14	
OP484696	0	1	
OP494258	0	1	
OP494260	1	1	
OP494261	2	1	
OP494262	1	1	
OP494263	1	15	
OP494264	3	2	
OP494265	2	15	
OP494266	0	1	
OP523979	1	2	
OP523980	0	1	
OP523981	0	2	
OP523983	2	1	
OP523982	0	4	
OP523985	0	1	
OP523984	0	5	
OP523986	2	2	
OP523987	0	2	
OP523988	0	2	
OP523989	1	1	
OP523990	0	1	
OP523991	0	1	
OP523992	0	1	
OP523993	1	2	
OP523994	0	1	
OP523995	0	2	
OP523996	0	1	
OP523997	3	1	
OP523998	0	1	
OP523999	0	1	
OP524000	0	1	
OP524001	0	1	
OP536787	0	1	
OP524002	7	1	
OP524005	0	1	
OP524004	1	1	
OP524007	0	1	
OP524006	1	1	
OP524008	0	1	
OP524009	0	2	
OP524010	0	1	
OP524011	0	2	
OP524012	2	1	
OP526855	1	1	115829:T
OP526857	3	1	
OP531889	0	5	
OP531890	3	3	179172:T
OP531891	1	108	
OP531892	0	68	
OP531893	1	1	
OP531894	3	1	
OP531895	1	2	
OP535312	4	1	
OP535313	12	1	
OP535314	5	1	
OP535315	9	1	
OP535316	3	1	
OP535317	20	1	
OP535318	4	1	
OP535319	23	1	
OP535320	7	2	
OP535321	3	1	17797:G;24877:G;27310:G;117119:C;123090:G;146063:T;146720:T;146748:G;146750:T;146763:T;157397:G;172965:T;174160:C
OP535322	9	1	
OP535323	2	1	
OP535324	1	1	
OP535325	4	1	189996:T
OP535326	6	1	14024:T;23060:A;121971:G;177766:A;178359:T;178368:T;178387:T;178404:T
OP535327	0	1	
OP535328	0	1	
OP535329	0	1	
OP324536	1	13	
OP535330	0	1	
OP535331	1	1	
OP535332	0	1	
OP535333	0	1	
OP535334	1	2	
OP535335	0	1	
OP535337	4	1	
OP535336	0	1	
OP535338	5	1	18407:C;33808:G;74422:G;118212:C;142420:G
OP535339	0	1	
OP535340	1	2	
OP535341	2	2	
OP536662	1	1	
OP536663	2	1	
OP536664	0	1	
OP536665	1	2	
OP536666	0	1	
OP536667	0	2	
OP536668	0	1	
OP536670	2	4	
OP536669	0	1	
OP536671	0	1	
OP536673	4	1	
OP536672	0	1	
OP536674	0	1	
OP536675	1	1	
OP536676	2	1	
OP536677	1	1	
OP536678	2	1	
OP536679	0	2	
OP536680	0	1	
OP536681	0	1	
OP536682	1	4	
OP536683	1	2	
OP536684	0	1	
OP536685	0	1	
OP536686	1	3	
OP536687	0	4	
OP536688	1	1	
OP536689	0	2	
OP536690	1	4	
OP536691	0	8	
OP536692	1	1	
OP536694	0	3	
OP536693	0	5	
OP536695	1	3	
OP536697	1	3	
OP536699	0	1	
OP536698	0	2	
OP536700	0	2	
OP536701	0	1	
OP536702	0	2	
OP536703	1	1	
OP536704	0	1	
OP536706	2	1	
OP536705	0	1	
OP536708	0	3	
OP536709	1	1	
OP536710	1	1	
OP536711	0	2	
OP536712	0	1	
OP536713	0	2	
OP536715	2	1	
OP536716	0	1	
OP536717	1	1	
OP536718	1	1	
OP536719	0	1	
OP536720	0	1	
OP536723	0	1	
OP536721	2	1	
OP536722	0	1	
OP536724	0	1	
OP536726	0	2	
OP536725	0	2	
OP536727	0	7	
OP536728	1	1	
OP536729	0	1	
OP536730	0	13	
OP536731	0	1	
OP555531	0	1	
ON880529	0	1	
OP536732	0	1	
OP536733	0	1	
OP536734	1	1	
OP536735	0	1	
OP536736	0	2	
OP555543	1	28	
OP536737	0	1	
OP536738	0	1	
OP536739	2	1	
OP536740	0	2	
OP536741	1	1	
OP536743	0	3	
OP536744	0	2	
OP536745	0	1	
OP536746	0	1	
OP536747	0	2	
OP536748	0	1	
OP536749	0	1	
OP555574	0	1	
OP536750	0	1	
OP536751	1	1	
OP536752	6	1	
OP536754	1	1	
OP536755	3	1	
OP536756	1	1	15814:G
OP536753	4	3	3110:G;94303:C;133763:G;165878:G;186432:G;194028:C
OP536757	0	1	120058:C
OP536758	2	2	
OP536759	0	1	
OP536760	0	1	148178:G
OP536762	0	1	38005:C;39334:C;39397:T
OP536763	5	2	
OP324537	1	1	
OP536761	0	1	148178:G
OP536764	1	2	
OP536765	2	1	
OP536766	0	1	3219:G;193919:C
OP555617	4	1	
OP536767	0	1	3219:G;193919:C
OP536768	1	1	
OP536769	1	1	98251:C;103896:G;122901:C
OP536770	1	1	
OP555631	2	1	
OP536771	3	2	
OP536772	4	1	74122:G
OP536773	0	1	
OP536774	0	1	
OP536775	0	1	
OP536776	2	1	
OP536777	0	1	
OP536778	2	1	152028:G
OP536779	0	1	
OP536782	0	1	22179:C;62868:C
OP536780	0	1	5631:C;20189:C;191507:G;195718:G
OP536781	1	1	
OP324539	4	22	
OP536783	4	1	
OP536784	0	1	
OP536785	0	1	5837:G;54664:G;173387:G;185057:G;191301:C
OP536786	3	1	
OP536788	0	1	
OP536789	3	1	
OP536790	0	1	
OP536791	2	1	180035:C
OP536792	0	1	131779:C
OP536793	0	2	
OP536795	0	1	
OP536794	0	1	
OP536796	0	1	
OP536797	0	1	
OP536798	0	1	84539:G;157714:G;179465:C
OP536800	0	1	8943:G;118450:C
OP536801	1	1	
OP536802	2	2	46976:G
OP536799	0	2	195653:G
OP536803	1	1	
OP536804	1	1	
OP536805	1	1	173450:G
OP536806	0	1	
OP536807	0	1	
OP536808	6	2	
OP536809	0	1	18948:C;79157:A
OP536810	1	1	18111:G;124148:G
OP536811	2	4	
OP536812	0	1	
OP536813	1	1	
OP536814	1	1	117871:C
OP536815	0	6	23567:C;53995:A;118683:C;124495:C;143690:G
OP539884	3	1	
OP539886	2	1	
OP539887	3	1	
OP539888	2	1	
OP539889	0	2	
OP539890	2	1	
OP539891	0	1	13224:G
OP539892	0	2	
OP539893	3	2	13224:G
OP539894	4	1	
OP539895	4	1	
OP539896	2	22	130733:T
OP539898	2	5	13224:G
OP539899	1	1	
OP539900	7	1	
OP539901	0	1	
OP539902	2	1	13224:G
OP539905	0	1	179172:T
OP539904	3	1	13224:G;140155:A;140156:A
OP539906	0	6	179172:T
OP539907	1	5	168987:C
OP539908	3	4	
OP539910	0	3	39334:C
OP539913	1	1	
OP539911	0	3	
OP539912	0	1	15168:C
OP539914	0	2	133451:C;179172:T
OP539916	0	1	56678:C;169036:C
OP539915	0	1	
OP539917	1	1	120328:G;135767:G
OP539918	0	1	
OP539919	1	1	
OP539920	0	1	39081:A;95007:G
OP539921	3	1	
OP539923	0	1	
OP539924	1	1	13224:G
OP539925	4	2	13224:G
OP539927	4	1	13224:G
OP539926	5	66	
OP539928	4	1	
OP539929	0	1	
OP539930	2	12	27730:C;98456:G
OP539932	3	1	11884:G;102694:G
OP539931	0	13	31085:G;46579:G;48938:C;55133:G;64426:C;87886:G;100218:T;140699:C;157527:T;160604:A;178111:G;186093:G;188319:C
OP539933	0	2	
OP539934	0	1	
OP539935	0	1	
OP539936	0	1	
OP539937	2	2	
OP539939	1	2	
OP555464	0	7	
OP555466	2	6	
OP555469	2	1	
OP555472	2	5	
OP555473	0	1	
OP555474	3	2	
OP555482	2	1	
OP555498	3	11	
OP555500	6	2	
OP555504	0	1	
OP555507	0	1	
OP555509	1	1	
OP555510	0	25	
OP555515	13	1	
OP555514	2	1	
OP555519	0	27	
OP555522	3	1	
OP555523	4	1	
OP555524	0	26	
OP555526	0	55	
OP555527	0	1	
OP555540	1	18	
OP555541	0	1	
OP555544	3	48	
OP555547	1	1	
OP555551	2	2	
OP555553	2	1	
OP555554	1	1	
OP555556	0	1	
OP555558	0	1	
OP555563	0	1	
OP555575	0	1	
OP555577	0	1	
OP555582	1	1	
OP555586	4	3	
OP555588	0	2	
OP555597	1	13	
OP555599	1	1	
OP555600	0	1	
OP555602	3	1	
OP555601	5	4	
OP555611	2	10	
OP555612	3	30	
OP555616	6	31	
OP555618	1	1	
OP555621	2	1	
OP555622	1	1	
OP555626	1	1	
OP555627	3	1	
OP555632	2	1	
OP555634	5	17	
OP555637	2	8	
OP555641	0	1	
OP555640	3	13	
OP555646	1	1	
OP555647	2	1	
OP555652	0	41	
OP555653	0	1	
OP555654	3	1	
OP555655	1	1	
OP555657	3	35	
OP580151	2	1	
OP580153	0	2	
OP580152	0	1	
OP580154	1	2	
OP580155	1	2	
OP580157	0	1	
OP580156	1	1	
OP580587	3	2	13224:G
OP580588	2	2	13224:G
OP580590	6	2	13224:G
OP580591	0	1	
OP580592	1	1	13224:G
OP324540	0	2	
OP580594	0	1	22415:A;100086:C
OP580595	1	2	13224:G
OP580596	1	1	
OP615258	5	47	
OP580597	6	1	
OP580598	0	1	
OP580599	5	1	13224:G;179172:T
OP580600	2	1	
OP580601	0	1	
OP580602	0	7	
OP580603	2	2	13224:G
OP615273	0	7	
OP580604	5	1	
OP580605	0	1	13224:G;179172:T
OP580606	0	2	
OP580607	2	1	179172:T
OP580608	1	1	
OP580609	1	1	13224:G;90178:A
OP580610	1	1	
OP580611	0	2	13224:G
OP580612	5	1	140155:A
OP580613	4	1	
OP587240	0	1	130733:T
OP587241	0	21	
OP587242	1	9	
OP587243	1	1	63336:G;130733:T
OP587244	1	19	
OP587245	0	1	
OP587246	1	7	
OP587247	5	1	
OP587248	0	2	
OP587249	1	5	
OP587250	0	2	
OP587251	1	1	
OP587252	0	1	
OP587253	1	1	
OP587256	4	2	31053:A
OP587257	3	2	31053:A;154920:C
OP587259	1	1	31053:A
OP587258	6	2	31053:A;69849:C
OP587260	2	3	
OP587261	2	2	31053:A
OP587264	4	3	
OP587262	4	1	
OP587263	2	1	
OP588274	3	19	
OP588276	1	1	
OP588275	6	18	
OP588277	0	1	
OP588278	0	18	
OP588279	0	1	
OP588281	0	1	
OP588280	2	1	
OP588282	1	1	
OP588283	0	1	
OP588284	4	1	
OP588945	2	1	
OP588946	1	1	
OP594186	1	1	
OP594189	0	1	
OP594192	0	1	
OP594191	1	1	
OP594190	0	2	
OP594193	0	1	
OP594195	0	1	
OP594194	0	1	
OP594196	0	1	
OP594197	0	1	
OP594199	1	4	
OP594201	0	3	
OP594200	0	1	
OP594202	2	1	
OP594204	0	1	
OP594203	5	1	
OP594205	0	1	
OP597769	26	2	
OP594207	0	1	
OP594208	1	4	
OP597775	4	1	
OP597777	0	34	
OP597776	0	32	
OP597778	0	6	
OP597779	5	3	
OP597780	1	14	
OP597781	0	1	
OP597782	3	16	11196:C
OP597783	0	33	
OP597784	0	1	
OP597785	0	27	
OP597786	0	4	
OP597788	0	1	
OP597790	0	3	
OP597791	0	1	
OP597792	0	2	
OP597793	2	5	
OP597794	3	45	
OP597795	0	1	
OP597797	0	1	
OP597796	0	1	42546:G
OP597798	0	1	
OP597799	0	1	
OP598102	3	2	
OP598103	3	1	
OP603001	1	1	
OP603003	0	1	
OP603002	0	1	
OP603005	0	1	
OP603004	1	2	
OP603007	0	1	
OP603006	2	1	
OP603008	0	3	149561:G
OP603009	0	1	
OP603010	5	3	
OP603011	1	1	
OP603012	0	1	
OP603013	0	3	
OP603015	0	1	188945:G
OP603014	0	7	25644:C;98456:G;103258:C;141521:G;186093:G
OP603016	0	3	
OP603017	1	1	
OP603018	0	1	
OP604519	2	3	179076:G
OP604521	5	1	
OP604520	2	3	
OP604522	0	3	
OP604523	2	2	179076:G
OP604524	2	1	
OP604525	4	3	
OP604526	0	1	
OP604527	0	1	
OP604528	1	3	
OP604529	1	1	
OP604530	0	1	
OP604531	1	1	179076:G
OP604532	0	1	
OP604533	1	2	
OP604565	0	1	
OP604566	0	1	
OP604567	5	1	
OP604568	2	1	
OP604569	2	2	
OP605551	0	1	
OP605552	0	1	
OP605553	0	1	
OP605554	0	43	
OP605558	0	46	
OP605559	1	42	
OP605560	7	45	
OP605561	1	75	
OP605562	3	1	
OP605564	3	6	
OP605563	0	1	
OP605565	1	46	
OP605567	2	2	
OP605566	2	74	
OP605568	3	6	
OP605569	16	34	
OP605570	3	1	
OP605571	2	46	
OP605572	0	1	
OP605573	0	13	
OP605574	0	1	
OP605575	0	1	
OP605582	1	17	
OP605584	1	1	
OP612674	5	1	
OP612675	8	1	
OP612677	3	1	
OP612678	3	1	
OP605589	4	1	
OP612676	4	1	
OP612680	5	1	
OP612682	6	1	
OP612683	2	1	
OP612684	3	1	
OP612685	0	1	
OP612687	10	1	
OP612688	9	1	
OP612689	1	1	
OP612690	0	1	
OP612691	2	1	
OP615255	0	1	140155:A;140156:A
OP615256	2	5	133973:C;177099:C;184452:G;186093:G;188319:C
OP615257	5	1	
OP615259	0	1	
OP615260	0	7	
OP615261	0	5	
OP615262	0	2	
OP615263	1	6	
OP615265	2	1	
OP615264	0	2	
OP615266	10	40	5942:C
OP615267	2	1	
OP615268	0	10	50271:C;77462:C;186093:G;188319:C
OP615269	0	2	
OP615270	1	1	8228:C;179172:T
OP615271	0	1	
OP615272	1	1	
OP615274	2	1	18441:C;22415:G
OP615275	1	2	60855:G
OP615277	0	1	
OP615278	0	2	
OP615276	0	1	
OP615279	1	1	
OP615321	1	1	
OP615322	0	5	
OP615280	2	1	45637:C;52225:A;73148:G
OP615323	0	1	
OP615324	2	21	
OP615325	0	1	
OP615326	3	1	
OP615327	0	1	
OP615328	1	22	
OP615329	0	1	
OP615330	0	2	
OP615331	0	2	
OP615333	0	1	
OP615334	0	1	
OP615332	1	2	
OP615335	0	1	
OP615337	2	1	
OP615336	2	1	
OP615338	0	1	
OP615339	1	1	
OP615340	1	1	
OP615341	0	1	
OP623589	0	2	
OP623590	1	1	
OP623591	0	2	
OP623592	1	1	
OP623593	2	1	
OP626104	1	2	
OP626105	0	1	
OP626106	0	2	
OP626107	0	1	
OP626108	2	2	
OP626109	1	3	
OP626110	0	2	
OP626111	0	1	
OP626112	0	1	
OP626113	0	3	
OP626114	0	3	
OP626115	0	1	
OP626116	1	1	
OP626117	1	1	49349:T
OP626118	1	1	
OP626119	2	1	
OP626121	0	1	
OP626120	2	1	
OP626122	0	2	
OP626123	0	2	
OP626124	3	5	
OP626126	0	1	
OP626125	1	1	
OP626127	1	3	
OP626128	1	2	
OP626129	0	1	
OP626130	0	1	
OP626132	2	2	
OP626131	1	1	
OP626133	0	1	
OP626134	1	1	
OP626135	3	1	
OP626137	0	1	
OP626136	2	1	
OP626138	3	1	
OP626139	1	1	
OP628437	3	1	
OP628438	3	1	
OP628439	0	1	
OP628440	1	1	
OP628441	0	1	
OP324541	0	1	
OP628442	0	1	
OP628443	0	1	
OP628445	7	2	50672:G
OP628444	1	1	
OP628446	2	1	
OP628447	2	1	
OP628449	0	1	
OP628448	0	2	74345:T;99507:G;140155:A;140156:A
OP628450	1	1	
OP628451	0	1	
OP628452	0	1	
OP628453	0	1	
OP628454	0	1	131350:G;139367:C
OP628455	0	1	
OP628456	1	1	
OP628457	1	1	
OP628458	0	1	
OP628459	0	1	
OP628460	1	3	
OP628461	0	1	
OP628463	2	1	
OP628462	1	1	140127:C;140128:A
OP628464	2	3	
OP628465	1	1	
OP628467	0	1	
OP628469	0	1	137954:C
OP628468	0	3	
OP628471	0	1	
OP628472	0	1	
OP628473	4	1	
OP628475	1	1	
OP628476	0	1	
OP628477	2	1	
OP628478	0	1	
OP628479	4	1	
OP628480	0	1	
OP628481	0	1	
OP628483	1	1	
OP628484	2	1	
OP628485	0	3	
OP628487	1	1	
OP628488	0	1	
OP628489	0	1	
OP628490	0	1	
OP628491	1	1	
OP642373	0	1	
OP642374	1	2	
OP642375	3	77	
OP642376	1	101	
OP642377	0	1	
OP642378	3	1	
OP642379	0	1	
OP642380	1	1	
OP642381	0	1	
OP642382	3	1	
OP642383	1	1	
OP642384	0	1	
OP642385	0	1	
OP642386	1	1	
OP642387	0	1	
OP324542	0	27	
OP642388	0	1	
OP642389	0	1	
OP642390	1	95	
OP642391	0	2	
OP642392	0	1	
OP642393	1	130	
OP642394	0	1	
OP642395	1	1	
OP642396	0	1	
OP642397	0	1	
OP642398	1	1	
OP642399	1	3	
OP642400	0	3	
OP642401	1	3	
OP642402	2	2	
OP642403	2	2	
OP642404	0	2	
OP642405	0	1	
OP642406	0	1	
OP642408	0	2	
OP642409	0	118	
OP642410	0	136	
OP642412	0	1	
OP642411	0	4	
OP642413	0	3	
OP642414	0	1	
OP642415	1	2	
OP642416	3	8	
OP642417	2	1	
OP642418	0	1	
OP642419	1	3	
OP642420	0	1	
OP642421	1	5	
OP642422	1	1	
OP642423	0	4	
OP650027	1	1	
OP650029	3	1	
OP650030	6	1	
OP650031	2	1	
OP650032	2	1	
OP680486	0	1	
OP680487	4	1	
OP680488	1	1	
OP680489	2	1	
OP680491	2	2	
OP680490	0	2	
OP680492	1	4	
OP680493	0	3	130231:A
OP680494	0	1	91517:G;179172:T
OP680495	3	5	
OP680496	0	2	168295:C
OP680497	0	1	
OP680498	0	1	
OP680499	0	3	
OP680500	3	1	
OP680501	1	1	
OP680502	2	1	
OP680503	0	1	
OP680504	1	1	
OP680506	1	1	
OP324543	0	12	
OP680505	1	1	
OP680507	0	1	18952:G;39327:G
OP680508	0	1	
OP680509	1	2	
OP680510	0	4	
OP680511	2	1	
OP680512	2	2	
OP681772	0	1	
OP681773	0	1	
OP681774	0	1	
OP681775	0	1	
OP681777	1	1	11880:C
OP687926	2	3	
OP681776	0	1	
OP687927	1	3	
OP687928	0	1	63336:G;174247:G
OP687929	0	1	
OP687930	0	1	
OP687931	1	1	179076:G
OP687932	1	1	
OP687933	6	5	
OP687934	0	3	
OP687935	1	1	
OP687938	3	1	156340:G
OP687937	1	1	
OP687939	1	1	
OP687940	0	7	2933:G;67595:C;170776:G;176439:G;186093:G;188319:C;194205:C
OP687941	1	3	2456:G;15551:C;194682:C
OP687942	0	1	59716:G;64426:C;85581:G;172887:G
OP687943	0	3	
OP687944	0	1	
OP687945	1	1	
OP687946	0	1	
OP687947	0	1	85354:C
OP687948	0	1	
OP687949	1	1	185383:C
OP689655	1	1	
OP689656	0	1	
OP689657	0	1	
OP689659	0	1	
OP689660	0	1	
OP689662	0	1	
OP689663	0	1	
OP689664	0	1	
OP689665	0	20	
OP689667	0	5	
OP689666	0	3	
OP689668	0	1	
OP689669	1	3	
OP689670	0	1	
OP689672	0	5	
OP689674	0	1	
OP689675	2	2	
OP689676	0	5	
OP689678	0	1	
OP689677	0	1	
OP689679	1	1	
MK783028	0	1	
OP689680	0	1	
OP689681	0	1	
OP689682	1	1	
OP689683	0	1	
OP689684	0	1	
OP689685	3	3	
OP689687	0	1	
OP693647	0	2	
OP693648	0	1	
OP693650	1	1	
OP693649	2	71	
OP693652	1	3	
OP693653	1	1	
OP693655	1	2	
OP693654	0	4	
OP693656	2	2	
OP696841	1	1	
OP715788	0	1	
OP715789	2	1	
OP715815	0	1	
OP715817	2	1	
OP715818	3	2	
OP715819	0	1	
OP715820	1	1	
OP715821	0	5	
OP715822	1	1	
OP715823	3	1	
OP715824	0	1	
OP715825	2	4	
OP715826	0	3	
OP715827	1	4	
OP715829	2	3	
OP715830	1	1	
OP715831	0	5	
OP715832	0	4	
OP715833	0	5	
OP715834	1	1	
OP715835	1	4	
OP722494	1	1	
OP722496	0	1	179172:T
OP722497	1	2	168830:G
OP722498	0	2	
OP722499	0	1	
OP722501	1	2	
OP722502	0	1	
OP722503	0	1	73870:C;132440:C
OP722504	0	4	
OP722505	0	4	17437:C;43706:C;124690:T;141757:C
OP722506	0	1	
OP722508	0	1	
OP722507	0	1	
OP722509	0	1	
OP722510	1	2	
OP722512	0	1	
OP722511	0	5	
OP722513	4	2	
OP722515	0	2	
OP722516	0	7	
OP722517	0	1	
OP727821	0	1	
OP727822	7	1	164914:C
OP727823	1	3	
OP743357	0	22	
OP743358	0	22	
OP743359	0	4	
OP743360	0	1	
OP743361	1	22	19512:A
OP743363	0	1	
OP743365	0	2	
OP743366	1	1	19512:A
OP743367	0	1	
OP743952	1	3	
OP743953	0	3	
OP743955	2	1	
OP743956	0	1	
OP743958	1	1	
OP743959	0	1	
OP743960	1	1	
OP743961	3	1	
OP743964	1	1	
OP743963	1	11	
OP743965	2	1	
OP743966	4	1	
OP743968	0	1	
OP743969	8	5	
OP743970	2	1	
OP743972	0	1	
OP743973	0	3	
OP743974	0	1	
OP743975	2	1	
OP743976	1	1	
OP743977	0	1	
OP743978	0	1	
OP743979	0	1	
OP743981	0	1	
OP743982	1	1	
OP743983	0	2	37469:G
OP743984	1	1	
OP743986	0	1	
OP743987	1	1	
OP743988	0	1	
OP743989	3	1	
OP743990	0	1	
OP743991	0	3	16033:G
OP743993	0	1	
OP743994	0	1	
OP743995	1	1	
OP743997	0	1	
OP743998	4	1	
OP743999	0	1	
OP744000	3	1	
OP747052	1	1	
OP747053	0	3	164062:G
OP747055	0	1	
OP747056	1	1	116175:C
OP747057	0	1	170049:C
OP747059	1	1	
OP747060	9	3	
OP747061	1	1	
OP747062	0	1	
OP748946	1	17	
OP748947	0	3	
OP879736	0	5	
OP748948	1	1	180747:C
OP748949	1	2	
OP748950	1	1	
OP748951	3	2	
OP748952	1	1	
OP748954	2	2	
OP748955	0	1	
OP748956	0	1	
OP748958	1	1	
OP748959	1	2	
OP748960	2	1	
OP748961	4	1	
OP748962	0	1	
OP748963	4	43	2075:G
OP748965	2	9	
OP748966	0	1	
OP748967	6	2	179172:T
OP748968	2	1	
OP751210	0	1	
OP751212	6	1	
OP751211	0	3	
OP751213	0	1	
OP751214	1	6	
OP751215	1	1	
OP752103	2	1	
OP752104	2	1	
OP752105	1	3	
OP752107	0	1	
OP752108	0	1	
OP752110	1	3	
OP752111	5	3	
OP752112	1	1	
OP752113	1	1	
OP752114	0	1	
OP752115	2	1	
OP752118	1	1	
OP752119	2	1	
OP752120	1	3	
OP752121	1	3	
OP752123	0	1	
OP752124	1	1	
OP752125	1	3	
OP752126	0	1	
OP764614	0	1	
OP764615	0	4	
OP764616	0	1	
OP764617	0	5	
OP764618	0	1	
OP764619	0	1	
OP764620	3	1	
OP764621	0	2	
OP764622	0	3	
OP764623	1	1	
OP764624	0	1	
OP764625	0	1	
OP764627	0	1	
OP764628	0	1	
OP764629	1	3	
OP819947	1	1	
OP819948	5	1	
OP819949	6	1	
OP819950	2	1	
OP819952	2	1	
OP819953	2	1	
OP819954	0	1	
OP819955	4	1	
OP819956	1	1	
OP819958	0	1	
OP819959	2	1	
OP819960	3	2	
OP820451	3	1	
OP820452	5	1	
OP820453	3	1	
OP820454	5	2	
OP820455	0	1	
OP820456	0	1	
OP820457	4	1	
OP820458	0	1	179172:T
OP324545	0	1	
OP820459	4	2	
OP820460	0	2	
OP837334	2	1	
OP837335	0	4	
OP837336	0	2	
OP837337	0	5	
OP837338	5	1	
OP837339	0	2	
OP837341	0	1	
OP837340	1	1	
OP837342	1	1	
OP837343	2	1	
OP837344	0	1	
OP837345	0	3	
OP837346	0	1	
OP837347	0	1	
OP837348	5	1	
OP837350	0	1	
OP837349	0	2	
OP837351	0	1	
OP837353	1	1	
OP837354	0	1	
OP837352	0	1	
OP837355	0	2	
OP837470	0	1	
OP837471	0	1	
OP837472	3	1	
OP837473	0	1	
OP837474	1	1	
OP837475	2	2	
OP837476	0	1	
OP837477	4	2	
OP837478	0	1	
OP837480	1	1	
OP837479	1	1	
OP838893	3	1	16615:T;16616:C;16617:A;16618:T;16619:C;16622:C;16623:T;157688:G;157690:G
OP863218	0	1	130733:T
OP863219	0	1	31053:A;130733:T
OP863220	0	2	130733:T
OP863221	0	3	
OP863222	0	1	
OP863223	1	1	130733:T
OP863224	1	1	
OP863225	0	1	
OP863226	2	2	
OP863228	1	1	
OP863229	4	1	31053:A
OP863232	3	1	
OP863230	1	1	
OP863231	0	1	
OP863244	2	24	
OP863245	2	1	
OP863246	1	2	
OP863247	0	1	
OP863248	0	2	
OP863249	0	1	
OP863250	0	1	
OP863251	0	1	
OP890450	0	1	
OP863252	0	1	
OP863253	0	1	
OP863255	3	24	
OP863256	0	1	
OP863257	0	1	
OP863258	5	1	
OP879723	0	1	
OP879722	0	1	
OP879724	0	1	
OP879725	0	1	
OP879727	0	1	
OP879728	1	2	
OP879730	0	1	
OP879729	1	22	
OP879731	2	1	
OP879732	0	56	178702:C
OP879733	0	1	
OP879734	5	1	
OP879735	2	3	
OP879737	0	1	
OP890475	3	1	12833:T;13224:G;71913:T;114640:T;133042:T
OP879739	1	1	
OP879738	0	5	156429:C
OP879742	0	2	
OP879743	0	58	
OP879741	1	2	
OP879744	1	29	
OP879747	1	1	
OP879746	0	23	
OP879745	1	4	
OP879750	0	5	123738:G;130765:G;134403:G
OP879751	1	1	
OP879752	0	67	
OP879753	1	7	
OP879754	1	1	179172:T;193254:C
OP879755	3	1	
OP879756	0	3	10398:C;121663:G
OP879758	6	1	1600:C;1977:C;195161:G;195538:G
OP879759	0	14	
OP879762	1	4	
OP879761	0	12	
OP879766	0	1	
OP879768	0	1	
OP881930	0	1	
OP881931	2	2	
OP881932	2	2	
OP881933	1	2	
OP881934	3	1	
OP881935	0	2	
OP881937	0	1	
OP881936	1	1	
OP881938	0	2	
OP881941	5	1	142415:G
OP881939	0	1	
OP881943	1	1	
OP881944	0	1	
OP881945	0	1	
OP881946	3	1	
OP881947	1	1	
OP881948	2	1	
OP881949	5	2	
OP881950	2	1	
OP881951	1	1	
OP881952	3	2	
OP881953	0	1	
OP881954	0	1	25644:C;57173:C
OP881955	3	1	
OP881956	1	1	
OP890361	1	4	142356:C
OP890528	0	1	
OP890360	1	2	
OP890362	0	1	99072:G
OP890363	0	1	
OP890364	0	1	
OP890365	0	1	
OP890366	1	2	
OP414308	1	1	
OP890367	0	1	
OP890368	0	1	
OP890370	0	1	
ON585029	0	46	
OP890371	2	1	
OP890372	0	2	
OP890373	0	1	
ON745225	1	6	
OP890374	0	11	88308:C;97290:G
OP890375	0	6	5353:G;191785:C
OP890376	0	2	130648:G
OP890377	3	1	
OP890378	0	1	
OP890379	0	1	
OP890380	0	1	
OP890381	3	2	
OP414310	0	1	
OP890383	0	1	
OP890382	3	12	
OP890384	2	6	
OP414311	2	1	
OP890385	0	1	
OP890386	0	1	
OP890387	0	1	
OP890388	0	1	
OP890389	0	9	
OP890390	0	2	
OP890391	1	2	98119:G
OP890392	3	6	
OP890393	0	8	94798:G;150831:C
OP890394	0	2	
OP890395	0	3	
OP890397	0	1	170991:G
OP890398	0	1	
OP890400	0	1	
OP890401	0	2	
OP414314	1	1	
OP890402	1	2	155735:G;187614:C
OP890403	0	1	
OP890404	0	17	
OP890405	1	1	
OP890406	0	2	
OP890407	1	5	
OP890408	0	2	
OP890409	0	1	
OP890410	1	2	
OP890412	0	1	
OP890413	0	1	
OP890414	1	1	
OP890415	0	1	179172:T
OP890416	1	2	
OP890417	0	1	14796:C;18133:C;19217:G;67611:G;109000:G;129583:G;130231:G;159277:G
OP890419	4	1	
OP890422	1	2	114644:A
OP890420	0	1	34503:A
OP890421	3	1	12827:T;34508:A;114640:T;130733:T;133535:G;156800:T;156802:G
OP890423	1	1	
OP890424	1	1	
OP890426	1	2	
OP890428	0	1	
OP890430	0	1	
OP890429	0	1	111379:G
OP890432	5	1	
OP890433	2	2	32425:C;34503:A
OP890435	1	10	140138:A;179172:T
OP890436	3	3	133535:G
OP890437	0	8	
OP890438	0	1	
OP890439	0	17	34503:A
OP890440	0	3	
OP890443	0	3	40894:C;67550:T;132278:G
OP890442	4	2	27303:C;114644:A;146714:G
OP890444	1	1	
OP890446	0	1	
OP890448	0	1	
OP890449	0	3	
OP890451	3	1	
OP890452	0	2	34503:C;92170:A
OP890454	0	1	
OP890456	0	1	12827:T;34503:A
OP890457	2	2	34503:A
OP890459	2	1	
OP414331	1	12	
OP890458	1	53	
OP890460	0	2	48887:G;171783:G
OP890461	2	10	
OP890462	0	1	
OP890463	2	4	27303:C;120796:C;146714:G;163303:G
OP890464	1	1	
OP890465	3	2	
OP890468	2	1	114640:T
OP890470	1	1	114644:T
OP890471	2	3	114640:T
OP890473	1	1	114640:T
OP890472	3	1	12497:T;34508:A;70190:G;114640:T;133529:T;171082:A
OP890477	0	1	34503:A;114644:A
OP890476	0	1	114644:A
OP890478	1	1	3554:T;34503:A;193584:A
OP890481	3	3	114640:T
OP890482	0	1	114640:T
OP890483	0	1	114640:T
OP890485	2	3	168374:G
OP414332	0	6	
OP890484	1	1	12827:T;114644:A;140155:A;140156:A
OP890487	1	1	34503:A
OP890488	0	1	34503:A
OP890490	3	2	
OP890491	0	3	
OP890493	2	1	34503:A;134376:A;155723:G
OP890494	1	2	114644:T;130318:C
OP890492	5	4	13224:G;27303:C;34508:A;73476:C
OP890495	0	1	
OP890496	4	1	
OP890498	1	3	179172:T
OP414335	6	2	
OP890500	1	1	12827:T
OP890502	0	2	34503:A
OP890503	3	1	34503:C
OP890504	0	1	
OP890506	1	67	34503:A;143513:C;156800:T
OP890505	8	6	2879:T;71913:T;73740:T;74149:A;105751:C;120796:C;155723:G;156800:T;156802:G
OP890509	2	1	12827:T;114640:T
OP890510	1	1	
OP890511	0	2	
OP890513	1	2	171808:C
OP890514	0	1	34503:C;114640:T
OP890515	1	1	34503:A
OP890516	0	2	34503:C
OP890517	4	1	12827:T;12833:T;156800:T;156802:G;171082:A
OP890521	4	1	
OP890520	2	1	34508:A;114640:T;171082:A;179172:T
OP890522	0	1	
OP890523	2	3	12827:T;12833:T;34503:C;36780:C;133529:T
OP890524	0	1	34503:A;70190:G;133529:T
OP890525	1	2	
OP890527	1	2	
OP890529	2	2	
OP890530	2	2	
OP890531	0	1	13224:G
OP890532	2	1	
OP890534	0	2	13224:G
OP890533	0	1	
OP890536	2	1	
OP890535	6	13	
OP890538	0	1	13224:G;179172:T
OP890539	7	1	13224:G
OP890540	2	1	
OP890542	1	2	
OP890541	3	1	13224:G
OP890543	2	1	13224:G
OP890544	1	2	13224:G
OP890545	2	1	13224:G
OP890547	0	1	
OP890548	2	1	13224:G
OP890549	2	2	13224:G
OP890551	2	2	
OP890553	1	1	
OP414336	0	8	
OP890554	2	1	
OP890552	1	3	108871:A
OP890555	1	1	
OP890556	0	1	
OP890558	0	1	
OP890559	0	1	
OP890560	0	1	
OP890562	0	1	
OP890563	2	1	
OP890564	1	1	
OP414337	1	1	
OP890566	0	1	
OP890567	2	1	
OP890568	1	1	
OP890570	1	1	
OP414338	0	35	
OP890571	0	2	39397:T;61548:C
OP890572	0	1	
OP890574	1	1	
OP890575	0	1	
OP414339	1	1	
OP890576	2	1	
OP890577	0	1	
OP920675	1	2	
OP920676	1	2	
OP414340	0	63	
OP920677	0	1	
OP920678	2	3	146424:G
OP920679	3	1	
OP920680	3	1	
OP414341	0	1	
OP920681	0	1	
OP920682	0	1	
OP920683	1	2	
OP920685	5	1	
OP920686	1	1	134058:C;174625:G;184230:C
OP920687	0	1	
OP920688	3	1	
OP920689	1	1	
OP920690	0	1	
OP920691	0	1	
OP920692	10	3	
OP920693	0	1	13224:G
OP920694	1	1	
OP920695	2	1	
OP920696	3	2	
OP920697	0	2	
OP920698	0	2	
OP920699	5	1	167829:G
OP920700	0	1	
OP935994	0	3	82574:G
OP935995	1	1	
OP935996	6	1	
OP414342	0	10	
OP935997	0	1	
OP959057	1	1	
OP936000	13	2	6353:A;8909:T;10072:G;28277:G;152380:A;179255:T;195788:G
OP936001	18	3	5510:T;60395:T;86083:T;139035:T
OP959058	4	2	
OP959060	0	1	
OP959061	1	1	
OP959062	0	8	
OP959063	2	2	
OP959064	0	11	
OP959065	0	2	
OP959066	0	1	
OP959067	0	1	
OQ054218	2	3	
OQ054219	3	1	
OQ054220	2	1	
OQ054222	1	1	
OQ054221	0	1	
OQ054223	1	1	64846:T;142088:C;142212:C
OQ054224	1	1	31116:C
OQ054225	2	1	50121:G
OQ054226	0	1	
OQ054227	3	2	
OQ054228	2	1	
OQ054229	3	3	
OQ054230	5	4	
OQ054231	1	1	
OQ054232	2	1	
OQ054233	5	3	
OQ054235	4	1	
OQ054234	4	1	
OQ054236	1	1	179076:G
OQ054237	5	1	
OQ054238	3	1	
OQ054239	3	1	109844:G
OQ054240	2	1	
OQ054241	3	1	6355:C;190783:G
OQ054242	4	1	
OP414343	0	11	
OQ054243	1	1	
OQ054244	0	1	
OQ054245	1	1	
OQ054246	2	1	
OQ054247	4	3	
OQ099604	1	3	
OQ099606	2	3	
OQ099605	5	1	
OQ099607	1	1	
OQ099608	0	1	
OQ099609	0	1	
OQ107058	2	1	
OQ121016	0	1	
OQ121018	3	1	
OQ121019	0	4	31053:A
OQ121021	0	10	140147:G;140154:T
OQ121020	1	1	
OQ121022	3	2	
OQ121023	0	16	
OQ121024	0	1	
OQ121025	0	2	
OQ121026	2	6	
OQ121027	2	1	59736:G
OQ121028	0	1	31053:A
OQ121029	6	2	63434:G;71627:A;74600:C;116721:G;118544:G;147429:G;168721:C;168849:G;177851:T
OQ121031	0	1	
OQ121030	1	179	16401:A
OQ121032	0	3	121163:G
OQ121033	1	1	
OQ121035	0	1	
OQ121034	3	3	
OQ121036	0	1	87454:G
OQ121037	0	1	
OQ121039	2	1	
OQ331008	5	1	3765:A;144955:A;150567:T;179172:T
OP414344	0	62	
OQ121041	2	48	65398:C;188319:C
OQ121042	0	31	169042:G
OQ121043	1	1	
OP414345	0	1	
OQ121044	0	1	
OQ121956	2	1	
OQ121957	0	1	
OQ121958	0	1	
OP414346	0	1	
OQ121959	9	1	
OQ121962	8	2	3885:T;193253:A
OQ121961	4	60	
OQ121960	3	3	1822:G;93384:C;110827:C;195316:C
OQ148461	0	1	
OQ148462	2	3	
OQ148463	2	1	
OQ148465	3	1	
OQ148466	1	1	
OQ148467	2	1	
OQ148468	1	1	
OQ148469	3	3	
OQ148470	2	1	
OQ148471	0	1	
OQ148472	0	1	
OQ148473	1	3	
OQ148474	4	1	
OQ159026	3	1	
OQ159028	1	1	
OQ159027	1	1	
OQ159029	0	1	
OQ159030	0	1	
OQ159031	1	1	
OQ159032	0	1	
OQ159033	1	1	
OQ159034	0	1	
OQ159035	0	1	
OQ159036	1	1	
OQ159037	0	1	
OQ159038	0	1	
OQ159039	0	2	
OQ159040	0	2	
OQ159041	3	27	
OQ159043	1	1	
OQ159042	0	1	
OQ159044	1	1	
OQ159045	2	1	
OQ159046	0	1	
OQ159047	4	1	
OQ159048	0	1	
OQ159049	0	1	
OQ159051	0	1	
OQ159050	0	27	
OQ159052	0	1	
OQ159053	4	6	
OQ159054	0	1	
OQ159055	0	1	
OQ159056	5	1	
OQ172215	12	1	
OQ197861	3	3	
OQ197863	1	1	
OQ261695	3	1	
OQ261696	6	2	
OQ261697	2	1	
OQ261698	3	2	
OQ261699	3	1	
OQ261700	0	2	
OQ261701	0	1	
OQ261702	0	1	
OQ261703	2	1	
OQ261704	2	1	
OQ261706	0	1	
OQ261707	1	1	
OQ261705	2	2	
OQ261708	0	238	
OQ261711	0	1	
OQ261709	1	1	
OQ261710	2	1	
OQ261712	0	1	
OQ274881	0	1	
OQ261713	1	1	
OQ274882	0	1	
OQ274883	0	1	
OQ274884	0	1	
OQ274885	0	1	
OQ274886	0	1	
OQ274887	0	4	
OQ274888	0	6	
OQ274890	1	1	
OQ274889	0	6	
OQ274891	0	1	
OQ274892	0	3	
OQ319132	0	2	
OQ319134	0	2	
OP414348	1	1	
OQ319133	0	4	
OQ319135	0	1	
OQ319137	0	2	
OQ319136	0	28	
OP414351	1	1	
OQ319138	0	1	
OQ319140	2	29	
OQ319141	0	1	
OQ319142	0	1	
OP414352	0	1	
OQ319143	5	1	
OQ319144	1	2	
OQ320438	1	1	
OQ320439	5	1	
OP414353	1	1	
OQ320440	2	1	179076:G
OQ320442	0	1	
OQ320443	5	1	
OQ320444	2	2	
OQ320445	0	1	
OP414354	0	35	
OQ320446	4	1	
OQ320447	3	1	
OQ320448	3	2	
OQ320450	2	1	
OQ320451	1	1	
OQ320452	3	2	
OQ320453	3	2	
OQ320454	0	1	
OQ320455	1	1	73301:C
OQ320456	1	1	
OQ320457	3	1	185286:G
OQ320458	1	1	
OQ320459	1	1	
OQ320460	0	1	
OQ320462	0	1	
OQ320461	1	1	
OQ320463	3	1	
OQ320464	0	1	19917:G
OQ320465	1	1	
OQ419070	11	1	
OQ320466	0	1	
OQ320467	0	1	
OQ320468	0	1	4310:C;192828:G
OQ320469	1	1	107366:G
OQ320503	4	1	
OQ320504	2	1	
OQ320505	6	1	
OQ320506	1	1	
OQ320507	1	1	
OQ320508	4	1	
OQ320509	0	1	
OQ320510	1	1	
OQ320512	0	1	
OQ320514	1	1	
OQ320513	5	1	
OQ320515	1	1	
OQ320516	3	1	
OQ320518	1	1	
OQ320517	5	1	
OQ320519	4	1	
OQ320520	0	9	20156:A;36405:C;49297:C;170573:C;186093:G;188319:C
OQ320521	0	1	
OQ320523	2	1	
OQ320522	3	1	
OQ330970	0	1	
OQ330973	0	1	
OQ330972	1	1	130733:T
OQ330974	0	1	150567:T
OQ330976	4	1	179172:T
OQ330978	1	2	
OQ330980	0	1	
OQ330982	0	1	179172:T
OQ330981	0	1	
OQ330984	0	2	12877:C;179172:T
OQ330988	0	1	179172:T
OQ330987	0	1	
OQ330989	2	1	
OQ330997	5	1	
OQ330998	2	3	150567:T
OQ330999	2	2	179172:T
OQ331000	1	2	27017:T;184662:A;193334:C
OQ331002	2	3	
OQ331001	3	1	67127:T;104916:A
OQ331003	8	3	
OQ331004	0	1	
OQ331006	1	1	156400:T;162175:C
OQ331007	0	1	39327:G
OQ339206	8	27	
OQ339207	0	1	
OQ339208	1	2	
OQ339209	0	1	
OQ339210	0	2	
OQ339211	0	1	
OQ339213	0	1	
OQ339214	0	1	
OQ339215	0	1	
OQ339216	0	1	
OQ348839	2	2	
OQ348840	0	2	
OQ348842	1	7	31053:A
OQ348841	1	1	34502:G
OQ348843	0	1	
OQ348844	0	1	
OQ348845	1	2	
OQ348846	0	2	31053:A
OQ348847	0	1	
OQ348848	0	1	
OQ348849	0	1	
OQ348850	3	1	
OQ348852	0	2	
OQ348853	0	1	
OQ348854	3	4	
OQ348855	0	1	
OQ348856	2	2	
OQ348857	0	9	128495:C
OQ348858	0	1	
OQ348860	8	1	
OQ348861	1	1	
OQ348862	0	4	
OP414372	0	7	
OQ348863	4	13	
OQ348864	2	1	
OQ348865	1	1	
OQ348866	1	1	
OP555493	0	33	
OQ348867	1	1	120617:C
OQ348868	1	1	
OQ348869	3	1	
OQ348870	0	1	
OQ348871	0	1	
OP555494	2	5	
OQ348872	1	3	
OQ348873	1	1	
OQ348874	1	10	
OQ348875	0	1	
OP555513	0	1	
OQ348877	0	1	31053:A
OQ348876	0	1	31053:A
OQ348878	0	1	
OQ348879	0	1	
OP555581	3	1	
OQ348880	0	1	
OQ348881	0	1	
OQ348882	2	5	
OQ348883	0	1	
OQ348884	0	1	31053:A
OP555584	4	1	
OQ348885	1	6	31053:A
OQ348887	0	1	
OQ348888	0	1	
OQ348889	0	1	
OQ348890	1	2	
OQ348891	1	2	130733:T
OQ348894	2	6	
OQ348895	1	1	31053:A
OQ348896	0	3	
OQ348897	0	3	
OQ348898	1	1	
OQ348899	0	1	
OQ348900	1	1	
OQ348901	1	1	
OQ417831	3	1	
OQ417832	0	1	
OQ411312	1	14	
OQ417834	1	1	
OQ417837	1	1	
OQ417839	0	1	
OQ417840	0	1	
OQ418993	1	2	
OQ418992	0	1	
OQ418994	1	1	
OQ418995	1	1	
OQ418997	2	2	31053:A
OQ418999	2	1	
OQ419001	4	1	
OQ419000	1	1	
OQ419002	0	1	
OQ419003	1	2	
OP555585	0	2	
OQ419004	5	1	
OQ419005	0	1	
OQ419006	4	2	
KJ136820	9	1	
OQ419007	1	1	
OQ419008	3	1	
OQ419009	7	1	
OQ419010	8	1	
OQ419011	5	2	
OQ419012	2	1	
OQ419013	2	1	
OQ419014	2	2	
OQ419015	1	2	
OQ419016	0	1	
OQ419017	2	1	
OQ419018	1	1	
OQ419019	1	1	
OQ419020	2	1	
OQ419021	2	2	
OQ419022	0	1	
OQ419023	0	2	150568:G;150585:G
OQ419024	4	1	
OQ419025	1	1	
OQ419026	3	1	
OQ419029	1	1	
OQ419028	0	1	
OQ419030	1	1	
MN346691	5	1	1579:T;1903:A;1954:A;2316:C;2318:G;2831:T;2875:A;4494:A;4910:T;5153:C;5677:C;6047:C;7735:T;8104:A;8685:T;8739:T;8772:C;9197:T;9451:A;10013:C;10051:C;10485:A;11299:A;11736:T;12322:A;12449:G;12637:C;12841:T;13223:C;13387:G;13421:A;15475:A;15499:G;16063:G;16615:T;17544:T;18187:A;18310:T;18729:T;18742:G;19493:A;19994:T;20025:C;20107:T;20208:A;20592:A;20693:A;20701:A;20894:C;21218:G;21307:G;21724:A;21800:A;22927:A;23012:A;24986:T;25172:C;25390:T;25696:A;25805:T;25812:G;25865:C;26066:T;26622:G;27010:T;27437:A;27733:C;27973:T;28721:G;29758:T;30003:G;30715:T;30910:A;31236:T;31962:G;32474:C;32545:C;33344:A;34334:T;34576:C;38269:T;38316:G;39039:G;39119:C;39272:A;39537:G;39861:T;40105:T;40174:G;40377:T;41071:C;41301:C;41380:C;42646:G;43692:G;43887:C;44319:T;44352:C;44395:T;45087:T;45136:G;45265:T;46029:C;46171:G;46547:A;47156:T;47198:T;47263:T;47509:T;47575:A;49064:T;49108:A;49257:G;49553:G;49558:T;49567:A;50070:C;50285:T;51877:C;52146:C;54317:A;54558:G;54959:A;55036:C;55870:T;56167:C;57108:T;57117:C;57167:T;57340:G;57770:T;57995:A;58430:G;58699:G;59178:G;59856:C;60209:C;60900:T;61089:C;61248:G;61496:C;62205:C;62260:G;63154:G;63200:T;63304:T;64912:T;65425:T;65467:T;65551:T;65574:A;66384:A;67756:T;68244:T;68437:T;69127:C;69176:A;70320:T;71256:A;72344:C;72522:C;73067:G;73538:G;74141:T;74511:G;74767:C;74927:A;75221:C;75392:C;75396:G;76022:A;77415:G;77778:T;78843:A;79675:A;81659:A;81945:A;82114:C;82316:C;82359:C;82803:A;83306:G;83325:T;83510:T;83589:C;83737:T;84059:C;84614:G;86031:G;86503:G;87009:A;87078:C;87372:G;88281:C;88816:T;89025:G;91309:G;91401:A;92385:A;92526:A;92545:C;92672:C;93069:T;93406:A;95715:T;96106:C;97497:A;97535:G;98451:T;98991:G;99656:A;100117:A;100743:T;100795:T;100978:A;101017:T;103250:G;103329:A;103657:G;103895:T;104303:T;104312:C;104708:A;105141:G;106161:C;106257:T;106791:C;106897:G;107093:A;107177:T;108113:A;108521:T;108962:C;110023:C;111037:G;111115:C;111914:A;112002:T;112150:A;112380:T;112461:C;112652:T;113677:A;113979:T;114021:A;114281:C;114437:A;114938:A;115401:A;115550:C;115831:A;115835:A;116062:A;116458:C;116938:C;117335:A;117633:G;117720:A;117887:A;118171:C;119082:A;119288:A;120271:G;121067:C;121184:A;121489:A;121495:A;121320:C;121606:A;122291:C;122806:A;123994:A;124067:T;124332:C;124557:T;124758:C;124848:T;125214:G;125465:T;125806:T;126021:A;126041:G;127318:A;127697:T;128370:C;128526:G;129100:T;129731:A;129925:A;129990:G;130105:T;130351:G;130357:A;130475:A;132133:T;132394:T;132775:G;132835:T;133260:C;133432:C;133737:T;134145:T;135639:T;136178:T;136267:T;136286:T;136356:T;136427:A;136573:G;136703:C;136814:T;136992:A;137379:C;138018:A;138025:T;138560:C;138613:C;138695:C;138940:T;139529:G;140259:T;140907:T;141081:A;141462:G;141557:G;142109:T;142428:T;143029:C;145139:T;145791:A;146493:C;146564:T;147337:T;147633:C;149448:G;149452:G;149482:T;149612:T;150068:A;150095:C;150225:C;150565:A;150781:C;150808:G;150904:T;150925:A;151584:G;151827:G;152294:G;153280:T;153285:A;153461:C;153722:T;153953:C;154040:T;154339:A;154499:C;154786:C;155026:A;155230:G;155354:C;155468:T;155754:T;156647:A;156831:T;157422:T;157512:C;157530:T;157574:A;158010:G;158526:A;158911:A;159039:C;159298:G;160185:A;161028:A;161687:A;161753:G;162257:G;162403:T;162817:A;162909:G;163026:G;164254:G;164608:T;164786:T;164795:A;166017:T;166365:A;166539:A;166939:T;167175:A;167697:C;168198:G;168286:T;168427:T;169093:T;169189:A;169271:T;170087:T;171012:T;171331:A;171717:A;171977:T;172089:A;172488:T;172683:A;172970:A;173366:T;173948:T;174131:T;174197:T;174491:G;174678:G;174860:A;175022:A;175046:G;175113:C;176195:C;176566:A;176664:T;176834:A;177608:T;178062:A;178833:G;178852:A;179276:C;179339:T;180673:T;180891:G;181233:A;181455:C;181734:C;182014:C;182175:T;182185:T;182780:C;183182:G;183286:T;183772:C;183947:T;183992:A;184779:C;185491:G;186174:T;186771:T;187303:A;187980:A;188756:G;189231:G;189363:C;190991:G;191985:G;192498:T;193707:G;194263:T;194307:A;194323:T;194820:C;195074:T;195184:T;195235:T;195960:C;195964:C;196141:T
OQ419031	1	2	
OQ419032	2	2	
OQ419033	0	1	
OQ419034	2	1	
OQ419035	6	4	
OQ419036	1	1	
OQ419037	2	2	
OQ419038	1	1	
OQ419039	0	1	
OQ419040	7	1	
OQ419041	1	2	
OQ419042	1	1	
OQ419043	1	1	
OQ419044	4	4	
OQ419045	2	1	
OQ419046	0	1	
OQ419047	1	1	
OQ419048	0	1	
OP555587	1	1	
OQ419049	1	1	
OQ419050	0	1	
OQ419051	1	1	
OQ419052	2	1	
OQ419053	2	1	
OQ419054	1	3	
OQ419055	2	1	
OQ419056	0	1	
OQ419057	2	41	
OQ419059	5	1	
OQ419060	1	2	
OQ419061	3	1	
OQ419063	0	1	
OQ419064	6	4	
OQ419065	0	1	
OQ419066	1	1	
OQ419068	0	1	
OQ419069	0	1	
OQ419072	5	2	
OQ419073	6	1	
ON585030	0	31	
OQ419071	10	1	14000:G
OQ419074	0	1	
OQ419075	1	1	
OQ419076	0	1	
OQ419077	0	3	
OQ419078	1	2	
OQ419079	1	1	
OQ419080	0	1	
OQ419081	1	1	
OQ419082	1	1	
OQ419084	1	2	
OQ419083	5	1	
OQ419085	1	1	
OQ419086	7	3	
OQ419087	2	1	
OQ419088	2	1	
OQ419089	5	3	
OQ419090	10	1	
OQ419091	2	1	
OQ427112	3	1	
OQ427113	0	1	
OQ427114	1	2	177899:C
OQ427115	4	3	
OQ427117	0	1	95418:G
OQ427118	5	2	
OQ427121	1	2	
OQ427119	1	1	
OQ427120	0	1	
OQ427122	4	2	
ON843171	0	28	
OQ427123	2	2	
OQ427125	2	1	
OQ427126	3	1	
OQ427124	3	1	
OQ427127	1	1	
OQ427129	4	1	
OQ427128	2	2	
OQ427130	0	1	179076:G
OQ427131	1	1	
OQ427132	0	3	
OQ427133	3	1	
OQ427135	1	1	
OQ427136	0	1	
OQ427137	2	3	
OQ427139	1	1	
OQ427140	0	1	4969:G;39319:G;56709:C;56968:G;168365:G;192169:C
ON682264	0	6	
OQ427141	0	1	
OQ427142	0	1	
OQ427143	1	1	179076:G
OQ427144	0	1	
OQ427145	0	2	
OQ427146	0	1	179076:G
OQ427147	0	1	
OQ427148	1	3	179076:G
OQ427149	1	2	
OQ427150	0	2	144991:G;179076:G
OQ427151	0	3	
OQ427152	3	3	
OX044336	0	1	
OX044337	0	3	
OX044339	0	3	
OP555589	0	5	
OX044340	0	3	
OX044342	0	3	
OX044341	0	1	
OX044343	1	1	
OX044345	0	1	
OX044344	0	3	
OX044346	1	3	
OX044347	2	3	
OX044348	0	4	
OX261748	0	3	34308:G
OX291435	1	3	34308:G
OP555590	0	1	
OX291676	2	1	34308:G
OX291424	0	1	34308:G
OX291780	0	1	34308:G
OX297403	1	3	34308:G
OX336038	0	1	34308:G
OP555591	1	1	
OX336004	1	3	34308:G
OX344864	2	1	
OX344865	0	3	
OP555592	5	1	
OX344866	0	3	
OX344867	0	1	
OX344868	1	1	
OP555593	1	1	
OX344869	0	1	
OX344870	0	3	
OX344871	0	2	
ON755255	0	1	
OX344872	0	1	
OX344873	0	3	
OX344874	1	3	
OX344875	0	1	
OX344877	0	3	
OX344879	1	1	
OP555594	0	26	
OX344880	2	3	
OX344878	5	3	
OX344882	0	4	
OX344884	0	1	
OX344883	0	1	
OX344885	0	3	
OX344886	0	4	
ON803426	0	7	
OX344887	0	3	
OX344888	4	1	
OX344889	0	3	
OX344890	0	1	
OX344891	0	1	
OX344892	4	1	
ON803436	0	2	
OX344894	1	4	
OX344896	0	4	
OX344897	0	1	
OX344899	0	1	
OX344898	0	3	
OX344900	0	3	
OP555595	0	3	
ON843182	1	12	
OP555596	0	1	
ON853662	0	1	
OP555623	0	1	
ON880505	0	1	
ON880532	0	1	
ON880541	1	23	
OP555624	1	1	
ON983164	1	1	
OP013017	0	1	
OP062230	1	57	
OP555628	0	1	
OP205084	3	1	
OP555629	0	1	
OP245352	0	1	
OP555630	0	1	
OP215261	4	1	
OP245306	2	41	
OP245318	1	1	
OP245332	8	1	
OP245333	0	1	
OP555633	1	2	
OP270021	0	1	
OP270025	3	1	
OP270477	2	1	
OP555635	5	1	
OP279034	3	1	
OP279048	1	1	
OP555636	0	1	
OP324453	1	1	
OP324455	0	1	
OP324463	0	1	
OP324474	0	1	
OP324497	0	27	
OP324506	0	1	
OP324514	0	1	
OP324534	0	17	
OP324544	0	1	
OP555638	1	1	
OP555639	0	1	
OP555642	1	1	
OP382483	0	27	
OP555643	1	1	
OP555644	2	1	
OP555648	3	1	
OP382485	1	2	
OP390192	0	1	13224:G;24035:G;24038:A;34503:A;34508:A;36184:A;44045:T;74149:A;97632:T;99133:C;113073:T;114640:T;114644:A;119773:G;130733:T;133529:T;140155:A;140156:A;142241:A;146714:G;155723:G;156800:T;156802:G;171082:A;179172:T
OP390204	2	5	24035:G;24038:A;34503:A;44045:T;74149:A;113073:T;114640:T;114644:A;133529:T;133535:G;142241:A;146714:G;155723:G;156800:T
OP555649	0	1	
OP555650	2	3	
OP555651	1	1	
OP414288	0	2	
OP414307	0	1	
OP414313	0	8	
OP414323	3	22	
OP414363	0	9	
OP414368	0	21	
OP414373	1	15	
OP414381	0	12	
OP415191	0	19	
OP555656	1	1	
OP415220	0	60	82676:C;157527:T;186093:G;188319:C
OP555658	1	1	
OP415232	0	1	
OP555659	4	1	
OP555660	0	1	
OP415264	3	2	
OP440538	3	1	
OP440539	0	1	13224:G
OP440586	0	30	
OP440587	7	3	24038:A;34508:A;36184:A;114640:T;114644:A;146721:C;155723:G;177464:T;179172:T
OP440592	0	4	34503:A
OP440594	3	28	179172:T
OP442539	1	2	127040:C;179172:T
OP555661	2	1	
OP555662	2	1	
OP324484	0	1	
OP442563	1	1	12833:T;185851:A
OP324485	0	1	
OP324486	0	2	
OP324488	0	16	
OP324487	0	1	
OP324489	1	2	
OP531888	1	1	
OP324490	0	1	
OP324491	2	17	
OP324495	0	8	
OP324499	1	25	
OP324501	1	3	
OP324502	0	1	
OP324504	0	1	
OP324508	0	12	
OP324510	0	15	
OP539909	0	2	140156:A
OP324513	1	15	
OP539938	0	1	
OP555465	0	1	
OP555470	2	4	
OP555476	4	2	
OP555492	1	2	
OP555505	0	1	
OP555517	0	1	
OP555538	0	1	
OP555548	0	1	
OP555555	0	1	
OP555583	2	1	
OP555604	1	1	
OP555619	0	1	
OP555625	1	2	
OP555645	0	1	
OP324515	3	28	
OP580589	2	2	
OP580593	2	1	13224:G
OP324517	2	19	
OP586622	2	1	
OP587255	0	21	
OP587254	0	2	
OP594188	1	1	
OP594187	2	1	
OP594198	1	1	
OP594206	2	5	
OP597787	4	30	
OP597789	0	6	
OP598104	1	1	
OP612679	8	1	
OP615254	1	2	
OP324519	1	2	
OP324520	1	1	
OP324521	0	1	
OP324522	0	1	
OP324532	0	26	
OP324533	0	1	
OP382494	0	13	
OP382495	1	39	
OP390186	2	8	12833:A;24035:G;32321:C;34503:A;36184:A;71913:T;74149:A;82407:A;97632:T;114640:T;130733:T;133529:T;146714:G;155723:G;156800:T;156802:G;171082:A;179172:T;184472:G
OP414285	0	1	
OP414286	2	8	
OP414287	5	1	
OP414289	1	24	
OP414290	0	7	
OP414291	1	54	
OP414292	1	1	
OP414293	0	1	
OP414294	0	1	
OP414297	0	18	
OP414299	4	26	
OP414300	0	1	
OP414301	1	39	
OP414302	0	32	
OP414303	1	1	
OP414304	1	1	
OP414305	0	1	
OP414306	0	1	
OP414315	0	1	
OP414316	2	2	
OP414318	1	2	
OP414322	0	1	
OP414324	0	11	
OP414359	1	38	
OP414360	0	11	
OP414361	2	8	
OP414364	0	6	
OP414366	0	7	
OP414367	0	1	
OP414369	0	12	
OP879726	0	1	
OP879748	2	5	
OP879749	0	81	
OP879757	0	12	
OP879760	1	3	
OP879764	1	46	
OP879765	0	4	85581:G;94840:G;179172:T
OP879767	0	14	
OP414370	0	1	
OP414374	0	4	
OP414375	0	18	
OP890411	0	22	179172:T
OP414378	0	7	
OP890453	1	7	179172:T
OP890455	7	6	34503:A;114644:A
OP890466	7	2	
OP890467	0	4	
OP890469	2	2	
OP890474	4	4	114644:A
OP890479	1	1	114640:T;114644:A
OP890480	1	2	114640:T
OP414380	0	23	
OP890486	0	1	
OP890489	7	3	34503:A
OP890507	0	4	
OP890508	0	2	114644:A
OP890512	1	2	12827:T;34503:A;114640:T;179172:T
OP890519	2	1	11160:A;12833:A;27303:C;133529:T;156800:T;156802:G
OP414382	1	27	
OP890557	1	1	172333:G
OP890569	2	2	179172:T
OP414383	0	1	
OP414384	1	16	
OP414385	0	1	
OP414386	1	3	
OP959059	0	12	
OP414387	1	1	
OQ121014	2	1	
OQ121015	0	3	10672:C;36259:G;42161:C;87705:A;130733:T;174543:G
OQ121017	0	1	
OQ121038	0	1	
OQ121040	2	2	37014:C;88055:G;139861:C;154988:C;174540:G
OQ148464	0	1	
OP414388	0	2	
OP440540	0	1	
OP440541	0	1	
OP440542	0	1	
OP440550	2	1	105751:C;120796:C;153619:A
OQ197862	0	1	
OP440549	0	1	
OP440556	0	1	
OP440557	0	6	12822:T;12827:T;13224:G;177464:T
OP440558	0	10	13179:T
OP440559	2	1	
OP440605	0	1	
OP442549	0	1	47842:G
OP442550	0	11	
OP555467	1	1	
OP555468	1	1	
OP555471	1	1	
OQ330971	2	1	
OQ330983	2	1	
OQ330985	6	1	
OQ330990	2	3	
OP555475	0	1	
OP555477	0	1	
OP555478	0	1	
OP555479	0	1	
OP555480	1	11	
OP555481	0	1	
OP555483	1	1	
OP555484	4	1	
OP555486	0	3	
OP555487	0	1	
OQ417838	2	27	
OP555485	0	1	
OQ419062	1	2	
OQ419067	7	1	
OP555488	1	1	
OP555490	0	1	
OX044338	1	1	
KP849470	20	1	
OP555489	0	1	
ON585037	1	1	
ON619837	0	1	
ON622718	1	2	
ON649710	0	8	
ON649712	0	4	
OP555491	1	1	
OP555495	2	1	
OP555497	0	1	
OP555499	2	22	
OP555496	1	1	
OP555501	0	1	
ON803423	0	1	
OP555502	0	1	
ON803440	0	3	
ON813253	0	2	
OP555503	3	1	
OP555506	0	1	
ON853671	1	6	
ON853676	0	1	
ON880508	0	4	
ON880547	3	2	
ON927243	0	2	111658:G;123765:G
OP555508	3	1	
OP555511	0	1	
OP555512	0	2	
OP555516	2	1	
OP018590	0	4	
OP555518	2	23	
OP555520	0	1	
OP205088	0	3	2366:G;170049:C;194772:C
OP205095	1	1	
OP215212	1	1	
OP215238	0	1	
OP555521	0	9	
OP555525	0	1	
OP555529	0	2	
OP555528	0	1	
OP555530	0	24	
OP555532	0	1	
OP555533	0	1	
OP555534	0	1	
OP555535	5	3	
OP555537	0	1	
OP382487	0	12	
OP415181	0	2	
OP415217	1	6	
OP415224	0	1	6231:C;123662:G;190907:G
OP415240	1	1	
OP415275	2	20	
OP415279	0	1	
OP440551	0	1	
OP440585	0	1	
OP442541	0	1	6293:T;190845:A
OP555536	0	1	
OP442547	1	1	
OP442552	0	1	
OP442556	0	1	
OP555539	1	1	
OP442564	0	2	
OP442568	1	1	
OP555542	0	1	
OP450991	0	1	
OP555545	0	2	
OP555546	0	1	
OP555549	0	1	
OP555550	2	2	
OP555552	0	1	
OP555557	0	1	
OP555559	1	1	
OP555560	1	1	
OP484665	1	2	
OP484676	0	1	
OP484695	0	1	
OP494259	0	1	
OP555561	0	1	
MK783032	3	1	
MK783033	10	1	
MN346690	0	1	8551:T;9112:A;14302:A;14363:T;14641:A;18337:A;18469:C;20021:A;29281:A;29283:T;29746:T;29748:A;29763:C;29768:A;29769:T;34514:A;34765:A;35932:G;37560:G;41158:T;42450:A;43129:C;43935:G;49285:C;56706:A;88890:T;108434:A;136485:C;136512:A;145648:A;146863:A;146866:T;146868:A;146875:A;146889:A;146894:A;146908:A;157091:T;157668:A;157669:T;157670:C;163691:A;163902:A;165019:A;166282:G;169746:C;169752:C;173509:C;175889:T;176050:A;177947:A;178040:G;179279:T;182051:A;190455:A;190531:T;192431:C
MN346692	0	2	10431:C;10454:C;45455:C;49210:G;57907:G;178378:C
MN346694	0	4	10431:C;10454:C;29748:A;29763:C;62214:G;146889:A;146894:A;169721:T;173521:C;179060:A
MN346695	0	4	10431:C
MN346696	0	4	10431:C;10454:C;169721:T
MN346697	0	2	7609:C;10431:C;11343:C;20532:C;23403:A;24888:G;28652:G;33982:T;33991:T;35929:A;37067:G;39393:C;40268:T;42369:C;42425:C;45239:A;46243:G;51169:G;56687:T;58026:A;58029:G;60219:A;61012:T;67515:G;69639:T;70077:T;70527:T;74978:C;74992:C;75032:G;75424:C;76117:C;76670:T;76766:A;77401:G;79695:A;79972:T;80779:T;83890:G;86585:C;88946:T;90104:C;94069:G;100830:G;100860:G;101429:G;102992:C;103855:T;104242:C;105552:G;106243:T;107624:C;109093:T;111532:G;115019:G;115773:T;116043:A;116087:T;117596:A;118789:C;119758:G;121897:G;124246:G;125081:A;125634:A;125789:T;129691:G;130102:C;134218:G;137897:T;140583:C;142166:A;148084:T;150754:A;151214:T;153225:A;159326:A;159414:C;161438:A;166890:T;169710:C;178781:G
OP536696	0	1	
NC_063383	1	1	
OP539885	0	1	
OP539897	0	1	132698:C
OP539903	2	1	
OP539922	2	1	13224:G
OP555562	0	1	
OP555565	0	1	
OP555564	0	8	
OP555566	0	1	
OP555567	0	1	
OP555568	2	1	
OP555569	0	1	
ON645312	8	50	
ON649711	0	10	
OP555570	0	1	
OP555571	0	2	
OP555573	1	1	
OP555572	0	1	
OP555576	0	1	
OP555578	0	1	
OP555579	0	1	
OP555580	0	1	
OP555598	7	1	
OP555603	0	1	
OP555605	0	1	
OP555606	0	1	
OP555607	1	1	
OP555609	2	1	
OP555608	0	1	
OP555610	0	8	
OP555614	1	1	
OP555613	1	1	
OP555615	2	1	
OP555620	0	1	
OP605578	5	1	
OP605580	1	60	
OP605581	0	1	
OP612681	7	1	
OP687936	1	1	
OP689658	0	35	
OP689661	0	2	
OP689671	2	1	
OP689673	0	1	
OP689686	3	1	
OP693651	1	2	
OP715816	0	1	
OP715828	2	1	
OP722495	1	1	
OP722500	0	3	
OP722514	2	1	
OP748945	2	2	179172:T
OP748953	0	1	
OP748957	0	27	2174:G;123738:G;134403:G;194964:C
OP748964	0	2	
OP751216	0	11	159462:C
OP752106	2	1	
OP752109	0	3	80872:C;189104:G
OP752116	4	2	
OP752117	0	1	13884:C
OP752122	1	4	6174:C;190964:G
OP764626	2	3	
OQ319139	2	1	
OP783902	1	1	
OP819951	0	2	
OQ330975	3	11	159931:C
OP819957	2	1	
OP820450	1	6	
OQ330977	0	3	
OP837481	0	1	
OP863227	0	1	31053:A;130733:T
OQ330991	7	1	
OP863254	0	1	
OP879740	0	3	
OP879763	0	11	
OQ330993	1	2	
OQ330994	0	1	179172:T
OQ330996	6	2	179172:T
OP881942	0	1	
OQ330995	7	1	
OQ348893	3	2	
OP890369	1	2	
OP890396	1	1	
OP890399	0	1	
OP890418	1	3	114644:A;176805:G
OP890425	3	1	
OP890427	0	1	
OP890431	0	1	34503:A
OP890434	0	1	
OP890441	0	2	159014:C
OP890447	0	1	
OP890497	0	22	34503:A
OP890501	1	4	12833:T;114640:T
OP890518	2	1	34503:A
OP890537	4	1	
OP890546	0	1	
OP890550	2	1	
OP890561	0	2	39312:G;39469:G;39537:G;119281:G;121699:G
OP890565	0	1	130733:T
OP890573	1	4	39312:G;39402:G;39538:T
OP920684	6	2	11732:T
AY603973	10	1	
AY741551	39	1	
AY753185	5	1	
DQ011156	6	2	
DQ011157	0	1	
OQ330986	0	1	
OQ330992	0	1	
OQ331005	2	1	39331:T
OQ348886	0	16	
OQ348892	0	12	
OQ417833	1	1	
OQ417835	1	26	
OQ417841	0	1	
OQ418996	2	1	
OQ418998	1	1	
OQ419027	1	1	
OQ427116	0	2	179076:G
OQ427134	2	1	
OQ427138	4	1	179076:G
OX344893	0	2	
ON585034	0	2	
ON959154	0	1	
ON959162	0	1	
ON959166	0	1	
ON959170	1	1	
OP328307	0	1	
OP382478	0	1	
OP382484	0	4	
OP392540	0	1	
OP392544	0	1	
OP392548	1	1	
OP415199	0	2	126310:G;181410:G
OP415207	0	1	
OP415211	0	1	17609:G
OP415216	2	4	
OP415260	3	1	
OP415265	1	1	
OP415269	0	1	
OP415273	0	2	
OP415280	0	1	
OP415283	0	1	
OP440563	2	2	
OP440566	0	1	
OP442940	2	1	
OP524003	1	1	
OP536707	0	1	
OP536714	0	2	
OP536742	0	2	
OP605583	2	1	
OP605585	0	1	
OP612686	2	1	
OP628466	1	2	
OP628470	0	1	
OP628474	4	1	
OP628482	0	4	
OP628486	0	4	
OP727820	3	1	
OP743362	1	1	55658:T;71816:A
OP743364	1	1	55658:T;71816:A
OP743951	0	2	
OP743954	0	4	
OP743957	2	1	
OP743962	0	1	
OP743967	2	2	
OP743971	1	1	
OP743980	0	1	
OP743985	2	1	
OP743992	0	1	
OP743996	0	1	
OP747051	1	1	
OP747054	0	4	
OP747058	0	1	
OP748969	0	1	189493:G
OP890445	0	15	
OP890526	4	2	
OQ320441	0	2	17622:A;130027:G
OQ320449	0	2	
OQ320511	0	4	127376:G
OQ330979	5	1	179172:T
OQ339212	0	2	
OQ348851	1	2	191024:G
OQ348859	0	3	
OQ417836	1	2	
OQ419058	3	1	
OX248696	1	1	34308:G
OX261749	0	1	34308:G
OX291694	3	1	34308:G
